H2,CH4,C2H6,C2H4,C2H2,Fault
1458.0,9.0,1812.0,0.0001,0.0001,Partial Discharge
2240.0,157.0,90.0,157.0,45.0,Partial Discharge
73.0,8.0,4.0,2.0,12.0,Partial Discharge
235.0,16.0,0.0001,35.0,0.0001,Partial Discharge
9340.0,995.0,60.0,6.0,7.0,Partial Discharge
33046.0,619.0,58.0,2.0,0.0001,Partial Discharge
8266.0,1061.0,22.0,0.0001,0.0001,Partial Discharge
230.0,15.9,16.3,1.9,2.4,Partial Discharge
109.0,16.0,0.0001,0.0001,0.0001,Partial Discharge
113.0,21.0,48.0,0.0001,4.0,Partial Discharge
1309.0,124.0,113.0,6.0,0.0001,Partial Discharge
1549.2,10.2,0.0001,53.19,0.0001,Partial Discharge
101.0,8.1,0.0001,3.0,0.0001,Partial Discharge
36036.0,4704.0,554.0,5.0,10.0,Partial Discharge
160.0,10.0,3.0,1.0,1.0,Partial Discharge
1076.0,95.0,4.0,71.0,231.0,Partial Discharge
407.0,28.0,15.0,21.0,0.0001,Partial Discharge
2240.0,560.0,380.0,450.0,940.0,Partial Discharge
92600.0,10200.0,1.0,2.0,0.0001,Partial Discharge
2587.2,112.25,4.704,1.4,0.0001,Partial Discharge
195.9,14.5,11.6,2.4,0.0001,Partial Discharge
180.85,0.574,0.234,0.188,0.0001,Partial Discharge
4480.0,560.0,380.0,403.0,896.0,Partial Discharge
1651.0,90.0,33.0,45.0,2.0,Partial Discharge
980.0,73.0,58.0,12.0,0.0001,Partial Discharge
6600.0,1000.0,38.0,2.0,19.0,Partial Discharge
56.0,61.0,75.0,32.0,31.0,Partial Discharge
2240.0,168.0,25.0,0.0001,0.0001,Partial Discharge
92600.0,10200.0,0.0001,0.0001,0.0001,Partial Discharge
24.3,15.7,6.4,11.2,29.8,Partial Discharge
485.0,35.0,29.0,6.0,0.0001,Partial Discharge
109.0,4.0,11.0,9.0,0.0001,Partial Discharge
16000.0,4000.0,500.0,8500.0,16000.0,Partial Discharge
2031.0,149.0,20.0,3.0,0.0001,Partial Discharge
870.0,77.0,73.0,54.0,14.0,Partial Discharge
106.0,4.0,2.0,1.0,0.0001,Partial Discharge
32930.0,2397.0,157.0,0.0001,0.0001,Partial Discharge
197.0,12.0,6.6,15.0,0.0001,Partial Discharge
117.0,17.0,1.0,3.0,1.0,Partial Discharge
160.0,24.7,38.5,0.0001,0.0001,Partial Discharge
134.0,13.0,156.0,0.0001,0.0001,Partial Discharge
166.0,21.0,38.0,6.0,0.0001,Partial Discharge
183.0,6.0,0.0001,5.0,0.0001,Partial Discharge
2240.0,157.0,90.0,45.0,45.0,Partial Discharge
6454.0,2313.0,121.0,2159.0,6432.0,Low Energy Discharge
240.0,20.0,5.0,28.0,96.0,Low Energy Discharge
65.2,20.0,3.9,8.13,25.1,Low Energy Discharge
143.0,5.8,16.0,10.6,26.3,Low Energy Discharge
30.1,17.1,2.2,5.5,30.1,Low Energy Discharge
120.0,25.0,1.0,8.0,40.0,Low Energy Discharge
137.0,6.0,11.4,6.4,16.5,Low Energy Discharge
23.0,63.0,54.0,10.0,0.3,Low Energy Discharge
4879.0,262.0,15.0,332.0,1827.0,Low Energy Discharge
301.0,5.78,4.7,9.7,5.0,Low Energy Discharge
716.0,7.1,3.3,20.0,6.8,Low Energy Discharge
289.0,13.4,18.2,49.8,36.3,Low Energy Discharge
179.0,29.0,10.0,17.0,33.0,Low Energy Discharge
2177.0,1049.0,207.0,440.0,705.0,Low Energy Discharge
7600.0,1230.0,318.0,836.0,1560.0,Low Energy Discharge
543.0,120.0,41.0,411.0,1880.0,Low Energy Discharge
186.0,38.3,13.0,37.0,85.9,Low Energy Discharge
4.1,3.5,0.68,1.2,5.2,Low Energy Discharge
210.0,22.0,6.0,6.0,7.0,Low Energy Discharge
254.0,5.2,0.0001,9.3,88.0,Low Energy Discharge
385.0,28.8,50.0,82.3,171.0,Low Energy Discharge
843.0,133.0,12.0,168.0,385.0,Low Energy Discharge
208.0,7.6,27.5,9.7,14.4,Low Energy Discharge
65.5,23.3,1.0,2.1,26.0,Low Energy Discharge
35.0,6.0,3.0,26.0,482.0,Low Energy Discharge
3559.0,187.0,22.0,230.0,1140.0,Low Energy Discharge
10092.0,5399.0,530.0,6500.0,37565.0,Low Energy Discharge
1900.0,285.0,31.0,957.0,7730.0,Low Energy Discharge
307.0,22.0,2.0,33.0,109.0,Low Energy Discharge
225.0,4.7,0.0001,8.7,89.0,Low Energy Discharge
78.0,20.0,11.0,13.0,28.0,Low Energy Discharge
266.0,30.2,4.9,26.2,60.2,Low Energy Discharge
645.0,86.0,13.0,110.0,317.0,Low Energy Discharge
119.0,8.0,23.3,7.9,12.3,Low Energy Discharge
57.0,24.0,2.0,27.0,30.0,Low Energy Discharge
14.2,4.0,1.4,1.5,9.51,Low Energy Discharge
818.0,94.0,49.0,121.0,978.0,Low Energy Discharge
115.0,25.5,110.0,12.2,8.6,Low Energy Discharge
205.0,20.0,8.0,0.0001,6.0,Low Energy Discharge
101.72,27.65,7.13,16.92,53.87,Low Energy Discharge
135.0,27.0,24.0,9.0,13.0,Low Energy Discharge
47.5,22.9,4.5,9.6,15.3,Low Energy Discharge
6870.0,1028.0,79.0,900.0,5500.0,Low Energy Discharge
119.0,8.0,20.0,0.0001,21.0,Low Energy Discharge
60.0,10.0,4.0,4.0,4.0,Low Energy Discharge
385.0,60.0,8.0,53.0,159.0,Low Energy Discharge
5.26,0.0001,0.0001,28.2,66.4,Low Energy Discharge
2510.0,202.0,139.0,208.0,1730.0,Low Energy Discharge
650.0,81.0,170.0,51.0,270.0,Low Energy Discharge
153.0,18.0,9.0,0.0001,278.0,Low Energy Discharge
1790.0,580.0,321.0,336.0,619.0,Low Energy Discharge
256.0,8.0,37.4,15.0,21.1,Low Energy Discharge
60.0,10.0,0.0001,11.0,39.0,Low Energy Discharge
151.0,13.5,50.7,5.0,9.2,Low Energy Discharge
9.0,3.9,0.8,4.0,13.0,Low Energy Discharge
274.0,27.0,5.0,33.0,97.0,Low Energy Discharge
305.0,100.0,33.0,161.0,541.0,Low Energy Discharge
176.0,652.9,47.7,75.7,68.7,Low Energy Discharge
87.0,34.0,23.0,15.0,60.0,High Energy Discharge
220.0,77.0,22.0,170.0,240.0,High Energy Discharge
274.0,27.0,5.0,33.0,97.0,High Energy Discharge
155.0,49.0,69.3,42.0,10.7,High Energy Discharge
137.0,67.0,7.0,53.0,104.0,High Energy Discharge
63.0,22.0,15.0,11.0,76.0,High Energy Discharge
292.0,346.0,32.0,313.0,196.0,High Energy Discharge
217.0,286.0,14.0,458.0,884.0,High Energy Discharge
13500.0,6110.0,212.0,4510.0,4040.0,High Energy Discharge
88.5,22.8,108.4,12.0,7.5,High Energy Discharge
50.0,42.0,98.0,10.0,33.0,High Energy Discharge
60.0,5.0,2.0,21.0,32.0,High Energy Discharge
25.0,9.0,6.0,5.0,44.0,High Energy Discharge
37.9,7.7,2.16,18.4,33.7,High Energy Discharge
18.34,16.26,3.38,17.95,16.42,High Energy Discharge
1084.0,188.0,8.0,166.0,769.0,High Energy Discharge
497.0,230.0,51.0,151.0,122.0,High Energy Discharge
32.4,5.5,1.4,12.6,13.2,High Energy Discharge
19.0,12.0,2.0,8.0,63.0,High Energy Discharge
210.0,43.0,12.0,102.0,187.0,High Energy Discharge
26.0,68.0,93.0,31.0,59.0,High Energy Discharge
114.0,41.0,27.0,15.0,42.0,High Energy Discharge
7150.0,1440.0,97.0,1210.0,1760.0,High Energy Discharge
8.0,0.0001,0.0001,43.0,101.0,High Energy Discharge
1607.0,615.0,80.0,916.0,1294.0,High Energy Discharge
46.0,20.0,14.0,10.0,42.0,High Energy Discharge
1027.0,185.0,17.0,271.0,399.0,High Energy Discharge
37.0,11.8,15.5,43.6,83.3,High Energy Discharge
200.0,48.0,14.0,117.0,131.0,High Energy Discharge
392.0,153.0,82.0,45.0,236.0,High Energy Discharge
12.4,6.5,15.3,69.0,15.0,High Energy Discharge
71.0,151.0,9.0,89.0,412.0,High Energy Discharge
127.0,24.0,0.0001,32.0,81.0,High Energy Discharge
800.0,160.0,23.0,260.0,600.0,High Energy Discharge
212.0,38.0,15.0,47.0,78.0,High Energy Discharge
8200.0,3790.0,250.0,4620.0,277.0,High Energy Discharge
2800.0,2800.0,234.0,3500.0,3600.0,High Energy Discharge
195.7,58.0,16.4,91.6,96.9,High Energy Discharge
235.0,39.45,9.63,210.0,257.0,High Energy Discharge
441.0,207.0,43.0,224.0,261.0,High Energy Discharge
110.0,62.0,90.0,140.0,250.0,High Energy Discharge
88.0,21.8,79.2,41.2,41.5,High Energy Discharge
531.0,111.9,22.7,122.5,169.0,High Energy Discharge
9474.0,4066.0,353.0,6552.0,12997.0,High Energy Discharge
152.0,116.0,7.0,131.0,414.0,High Energy Discharge
150.0,130.0,9.0,55.0,30.0,High Energy Discharge
75.0,15.0,7.0,14.0,250.0,High Energy Discharge
43.0,19.0,3.0,0.0001,40.0,High Energy Discharge
1114.0,719.0,188.0,1217.0,699.0,High Energy Discharge
35.0,11.0,0.0001,7.0,146.0,High Energy Discharge
629.0,402.0,16.0,298.0,1127.0,High Energy Discharge
7940.0,2000.0,355.0,3120.0,5390.0,High Energy Discharge
7020.0,1850.0,0.0001,2960.0,4410.0,High Energy Discharge
151.0,51.0,16.0,12.0,19.0,High Energy Discharge
2.0,41.0,133.0,9.0,21.0,High Energy Discharge
75.5,30.2,2.33,30.3,18.2,High Energy Discharge
17.0,42.0,192.0,12.0,20.0,High Energy Discharge
156.0,55.0,103.0,13.0,16.0,High Energy Discharge
21.0,34.0,5.0,47.0,62.0,High Energy Discharge
64.0,18.0,1.0,4.0,122.0,High Energy Discharge
25.0,28.0,27.0,15.0,80.0,High Energy Discharge
2770.0,660.0,54.0,712.0,763.0,High Energy Discharge
4419.0,3564.0,668.0,2861.0,2025.0,High Energy Discharge
1500.0,395.0,28.0,395.0,323.0,High Energy Discharge
10.0,15.0,0.0001,0.0001,35.0,High Energy Discharge
1570.0,1110.0,175.0,1780.0,1830.0,High Energy Discharge
22.0,14.0,19.0,6.0,56.0,High Energy Discharge
1249.0,370.0,56.0,606.0,1371.0,High Energy Discharge
1900.0,530.0,35.0,383.0,434.0,High Energy Discharge
5900.0,1500.0,68.0,1200.0,2300.0,High Energy Discharge
3700.0,1690.0,128.0,2810.0,3270.0,High Energy Discharge
75.0,5.0,31.0,69.0,36.0,High Energy Discharge
323.0,115.0,7.0,130.0,446.0,High Energy Discharge
127.0,107.0,11.0,154.0,224.0,High Energy Discharge
3090.0,5020.0,323.0,3800.0,2540.0,High Energy Discharge
48.0,20.0,69.0,41.0,31.0,High Energy Discharge
60.0,5.0,2.0,21.0,21.0,High Energy Discharge
30.0,14.0,1.0,9.0,43.0,High Energy Discharge
1170.0,255.0,18.0,312.0,325.0,High Energy Discharge
858.0,1324.0,208.0,2793.0,7672.0,High Energy Discharge
14.3,92.6,83.9,16.7,26.8,High Energy Discharge
57.0,148.0,197.0,72.0,42.0,High Energy Discharge
260.0,215.0,35.0,334.0,277.0,High Energy Discharge
215.0,84.8,87.7,1002.0,212.0,High Energy Discharge
440.0,89.0,19.0,304.0,757.0,High Energy Discharge
77.0,36.0,27.0,18.0,76.0,High Energy Discharge
60.0,85.0,5.0,67.0,227.0,High Energy Discharge
594.0,230.0,44.0,130.0,102.0,High Energy Discharge
1820.0,405.0,35.0,365.0,634.0,High Energy Discharge
123.0,50.7,9.0,62.0,65.9,High Energy Discharge
90.0,28.0,8.0,31.0,32.0,High Energy Discharge
26.6,4.0,0.0001,8.0,50.0,High Energy Discharge
46.0,21.0,1.0,11.0,93.0,High Energy Discharge
13.0,3.0,1.0,3.0,6.0,High Energy Discharge
305.0,85.0,25.0,197.0,130.0,High Energy Discharge
75.0,15.0,7.0,14.0,26.0,High Energy Discharge
307.0,22.0,2.0,33.0,109.0,High Energy Discharge
0.0001,21.0,0.0001,0.0001,40.0,High Energy Discharge
88.0,45.0,57.0,15.0,39.0,High Energy Discharge
80.0,28.0,4.0,15.0,107.0,High Energy Discharge
755.0,229.0,32.0,404.0,460.0,High Energy Discharge
530.0,345.0,85.0,266.0,250.0,High Energy Discharge
310.0,230.0,54.0,610.0,760.0,High Energy Discharge
620.0,325.0,38.0,181.0,244.0,High Energy Discharge
4906.0,8784.0,1404.0,9924.0,9671.0,High Energy Discharge
85.0,98.0,315.0,30.0,0.0001,Low Temperature Thermal
12.0,28.0,102.0,3.0,0.0001,Low Temperature Thermal
36.0,167.0,230.0,18.0,0.0001,Low Temperature Thermal
24.0,47.0,113.0,10.0,0.0001,Low Temperature Thermal
54.9,8.8,80.0,2.5,0.0001,Low Temperature Thermal
112.0,68.0,136.0,9.0,0.0001,Low Temperature Thermal
7.0,15.0,78.0,58.0,0.0001,Low Temperature Thermal
219.0,44.0,3.0,3.0,0.0001,Low Temperature Thermal
39.4,65.2,103.9,8.1,0.0001,Low Temperature Thermal
95.0,110.0,160.0,50.0,0.0001,Low Temperature Thermal
0.0001,153.0,395.0,11.7,0.0001,Low Temperature Thermal
121.0,73.0,179.0,11.0,0.0001,Low Temperature Thermal
74.0,173.0,263.0,33.0,0.0001,Low Temperature Thermal
13.0,59.0,117.0,44.0,0.0001,Low Temperature Thermal
13.0,138.0,83.0,16.0,0.0001,Low Temperature Thermal
36.0,21.0,65.0,2.0,0.0001,Low Temperature Thermal
9.0,56.0,135.0,7.0,1.0,Low Temperature Thermal
0.0001,187.0,609.0,13.0,0.0001,Low Temperature Thermal
820.0,1740.0,951.0,867.0,128.0,Low Temperature Thermal
10.0,56.0,72.0,70.0,0.0001,Low Temperature Thermal
12.0,18.0,4.0,4.0,0.0001,Low Temperature Thermal
10.0,26.0,147.0,6.0,0.0001,Low Temperature Thermal
143.2,123.0,38.0,75.0,0.0001,Low Temperature Thermal
18.0,30.0,146.0,8.0,0.0001,Low Temperature Thermal
27.0,28.0,136.0,8.0,0.0001,Low Temperature Thermal
34.0,8.6,70.3,3.1,0.0001,Low Temperature Thermal
113.0,137.0,173.0,34.0,0.0001,Low Temperature Thermal
45.0,125.0,111.0,25.0,0.0001,Low Temperature Thermal
78.0,66.0,62.0,2.6,0.0001,Low Temperature Thermal
55.0,22.0,358.0,2.6,0.0001,Low Temperature Thermal
10.0,63.0,176.0,35.0,0.0001,Low Temperature Thermal
11.0,271.0,465.0,32.0,0.0001,Low Temperature Thermal
34.0,30.0,34.0,2.5,0.0001,Low Temperature Thermal
187.0,86.0,155.0,21.0,6.0,Low Temperature Thermal
93.5,131.9,39.0,11.7,0.0001,Low Temperature Thermal
48.0,40.0,11.0,0.5,0.0001,Low Temperature Thermal
124.0,166.0,87.0,59.0,0.0001,Low Temperature Thermal
8.0,16.0,88.0,7.0,0.0001,Low Temperature Thermal
320.0,131.0,187.0,127.0,0.0001,Low Temperature Thermal
92.0,27.0,67.0,7.0,0.0001,Low Temperature Thermal
900.0,9180.0,0.0001,900.0,22.0,Low Temperature Thermal
6.0,197.0,476.9,16.9,0.0001,Low Temperature Thermal
0.0001,215.0,555.0,18.4,0.0001,Low Temperature Thermal
78.0,66.0,283.0,2.6,0.0001,Low Temperature Thermal
130.0,140.0,24.0,120.0,0.0001,Low Temperature Thermal
10.0,24.0,80.0,5.0,0.0001,Low Temperature Thermal
0.0001,224.0,0.0001,45.0,0.0001,Low Temperature Thermal
19.0,48.0,76.0,18.0,0.0001,Low Temperature Thermal
6.0,38.0,93.0,32.0,0.0001,Low Temperature Thermal
11.0,46.0,155.0,18.0,0.0001,Low Temperature Thermal
27.0,49.0,192.0,9.0,0.0001,Low Temperature Thermal
103.0,74.0,80.0,9.0,0.0001,Low Temperature Thermal
31.2,8.9,119.0,4.4,0.0001,Low Temperature Thermal
0.0001,33.7,136.0,11.4,0.0001,Low Temperature Thermal
6.0,3.0,0.8,0.7,0.0001,Low Temperature Thermal
181.0,262.0,41.0,28.0,0.0001,Low Temperature Thermal
14.0,44.0,124.0,7.0,1.0,Low Temperature Thermal
1.0,27.0,49.0,4.0,1.0,Low Temperature Thermal
50.0,3.0,1.0,0.0001,0.0001,Low Temperature Thermal
21.0,14.0,191.0,90.0,0.0001,Low Temperature Thermal
160.0,130.0,33.0,96.0,0.0001,Low Temperature Thermal
16.0,68.0,157.0,19.0,0.0001,Low Temperature Thermal
122.0,161.0,271.0,35.0,0.0001,Low Temperature Thermal
4.0,99.0,82.0,4.2,0.1,Low Temperature Thermal
157.0,46.0,76.0,12.0,0.0001,Low Temperature Thermal
38.0,38.0,296.0,14.0,0.0001,Low Temperature Thermal
24.7,20.4,117.0,71.0,6.8,Low Temperature Thermal
74.8,30.1,82.3,13.6,0.0001,Low Temperature Thermal
33.0,29.0,9.0,12.0,0.0001,Low Temperature Thermal
74.0,100.0,85.0,17.0,0.0001,Low Temperature Thermal
5.0,14.0,234.0,5.0,0.0001,Low Temperature Thermal
181.0,162.0,70.0,132.0,0.0001,Low Temperature Thermal
36.0,94.0,78.0,13.0,2.0,Low Temperature Thermal
505.57,475.35,242.3,524.45,3.29,Low Temperature Thermal
25.0,49.0,42.0,58.0,0.0001,Medium Temperature Thermal
14.0,15.0,42.0,73.0,0.0001,Medium Temperature Thermal
180.0,175.0,75.0,50.0,4.0,Medium Temperature Thermal
59.0,119.0,36.0,70.0,0.0001,Medium Temperature Thermal
185.0,302.0,27.0,33.0,0.0001,Medium Temperature Thermal
1270.0,3450.0,520.0,1390.0,8.0,Medium Temperature Thermal
119.0,670.0,286.0,934.0,19.0,Medium Temperature Thermal
72.0,442.0,221.0,461.0,0.7,Medium Temperature Thermal
16.0,98.0,35.0,64.0,0.0001,Medium Temperature Thermal
41.0,65.0,22.0,58.0,0.0001,Medium Temperature Thermal
110.6,458.8,242.6,406.4,0.0001,Medium Temperature Thermal
200.0,700.0,250.0,740.0,1.0,Medium Temperature Thermal
15.0,159.0,29.0,87.0,0.0001,Medium Temperature Thermal
18.0,63.0,20.0,51.0,0.0001,Medium Temperature Thermal
54.0,143.0,23.0,101.0,0.0001,Medium Temperature Thermal
43.0,116.0,65.0,139.0,0.0001,Medium Temperature Thermal
73.0,177.0,37.0,52.0,0.0001,Medium Temperature Thermal
57.0,141.0,38.0,51.0,0.0001,Medium Temperature Thermal
15.0,139.0,160.0,343.0,0.0001,Medium Temperature Thermal
23.51,61.33,45.21,98.03,1.01,Medium Temperature Thermal
2.0,123.0,7.0,18.0,0.0001,Medium Temperature Thermal
24.0,80.0,258.0,741.0,6.0,Medium Temperature Thermal
613.0,3240.0,1432.0,2788.0,0.0001,Medium Temperature Thermal
109.0,226.0,68.0,192.0,0.0001,Medium Temperature Thermal
35.0,283.0,121.0,222.0,0.0001,Medium Temperature Thermal
2.0,5.0,81.0,172.0,0.0001,Medium Temperature Thermal
30.4,117.0,44.2,138.0,0.1,Medium Temperature Thermal
0.0001,6.0,52.0,67.0,0.0001,Medium Temperature Thermal
2004.0,9739.0,2750.0,5113.0,0.0001,Medium Temperature Thermal
31.0,63.0,246.0,714.0,7.0,Medium Temperature Thermal
26.0,398.0,85.0,319.0,0.0001,Medium Temperature Thermal
152.0,32.0,28.0,55.0,0.0001,Medium Temperature Thermal
300.0,490.0,180.0,360.0,95.0,Medium Temperature Thermal
960.0,4000.0,1290.0,1560.0,6.0,Medium Temperature Thermal
0.67,0.224,0.045,0.067,0.002,Medium Temperature Thermal
0.0001,4.9,81.0,172.0,0.0001,Medium Temperature Thermal
24.0,34.6,14.2,21.7,0.0001,Medium Temperature Thermal
220.0,340.0,42.0,480.0,14.0,High Temperature Thermal
290.0,966.0,299.0,1810.0,57.0,High Temperature Thermal
8800.0,64064.0,72128.0,95650.0,0.0001,High Temperature Thermal
39.0,525.0,538.0,2925.0,16.0,High Temperature Thermal
290.0,1260.0,231.0,820.0,8.0,High Temperature Thermal
0.0001,153.0,130.0,677.0,13.0,High Temperature Thermal
15.55,7.4,7.4,41.93,6.35,High Temperature Thermal
35.1,50.6,16.1,93.0,1.1,High Temperature Thermal
0.0001,28.0,64.0,408.0,6.0,High Temperature Thermal
156.0,240.0,54.0,399.0,0.98,High Temperature Thermal
89.0,281.0,145.0,1216.0,22.0,High Temperature Thermal
1100.0,1600.0,221.0,2010.0,26.0,High Temperature Thermal
0.0001,0.0001,9.0,57.0,0.0001,High Temperature Thermal
137.0,369.0,144.0,1242.0,16.0,High Temperature Thermal
425.0,17424.0,7299.0,37043.0,158.0,High Temperature Thermal
30.0,25.5,31.5,93.0,1.8,High Temperature Thermal
107.0,143.0,34.0,222.0,2.0,High Temperature Thermal
860.0,1670.0,30.0,2050.0,40.0,High Temperature Thermal
0.0001,106.0,170.0,871.0,6.0,High Temperature Thermal
8.0,1.0,0.0001,60.0,0.0001,High Temperature Thermal
53.0,150.0,64.0,379.0,0.0001,High Temperature Thermal
400.0,940.0,210.0,820.0,24.0,High Temperature Thermal
199.0,770.0,217.0,1508.0,72.0,High Temperature Thermal
244.0,754.0,172.0,1281.0,27.0,High Temperature Thermal
60.0,144.0,67.0,449.0,9.0,High Temperature Thermal
6709.0,10500.0,1400.0,17700.0,750.0,High Temperature Thermal
86.0,277.0,63.0,338.0,0.0001,High Temperature Thermal
7.0,31.0,23.0,148.0,0.0001,High Temperature Thermal
300.0,700.0,280.0,1700.0,36.0,High Temperature Thermal
20.0,26.0,6.0,55.0,0.0001,High Temperature Thermal
3910.0,4290.0,626.0,6040.0,1230.0,High Temperature Thermal
23.0,14151.0,5332.0,23264.0,0.0001,High Temperature Thermal
135.65,278.53,58.86,492.0,2.95,High Temperature Thermal
9.0,47.0,144.0,628.0,0.0001,High Temperature Thermal
8.0,88.0,45.0,252.0,0.0001,High Temperature Thermal
179.0,306.0,73.0,579.0,0.0001,High Temperature Thermal
80.0,619.0,326.0,2480.0,0.0001,High Temperature Thermal
416.0,695.0,74.0,867.0,0.0001,High Temperature Thermal
19.3,103.0,159.0,19.0,0.6,High Temperature Thermal
137.0,279.0,66.0,505.0,0.0001,High Temperature Thermal
12705.0,23498.0,6047.0,34257.0,5188.0,High Temperature Thermal
46.0,147.0,27.0,150.0,0.0001,High Temperature Thermal
21.0,42.0,4.0,92.0,0.0001,High Temperature Thermal
165.62,240.95,61.32,514.53,13.53,High Temperature Thermal
39.0,7.0,12.0,65.0,0.0001,High Temperature Thermal
86.0,480.0,155.0,644.0,9.0,High Temperature Thermal
68.0,99.2,35.9,202.9,0.0001,High Temperature Thermal
172.9,334.0,172.0,812.5,37.7,High Temperature Thermal
164.0,244.0,103.0,497.0,8.3,High Temperature Thermal
20.0,48.0,36.0,186.0,0.0001,High Temperature Thermal
0.0001,0.0001,0.0001,142.0,0.0001,High Temperature Thermal
63.0,149.6,57.5,276.0,0.0001,High Temperature Thermal
121.0,450.0,146.0,898.0,116.0,High Temperature Thermal
30.0,51.0,12.0,54.0,0.0001,High Temperature Thermal
22400.0,22400.0,2690.0,13440.0,1570.0,High Temperature Thermal
36.0,30.0,10.0,93.0,7.1,High Temperature Thermal
17.0,40.0,11.0,86.0,0.0001,High Temperature Thermal
0.0001,3.4,0.0001,54.0,0.0001,High Temperature Thermal
18.0,35.0,2.0,110.0,0.0001,High Temperature Thermal
35.0,29.0,7.0,78.0,0.0001,High Temperature Thermal
6.0,2990.0,29990.0,26076.0,67.0,High Temperature Thermal
236.0,410.2,159.0,817.3,3.5,High Temperature Thermal
0.0001,100.0,309.0,1365.0,7.0,High Temperature Thermal
173.0,334.0,172.0,812.5,37.7,High Temperature Thermal
110.0,7.0,0.0001,0.0001,0.0001,Partial Discharge
240.0,20.0,5.0,28.0,96.0,Partial Discharge
5000.0,4000.0,2000.0,2000.0,8000.0,Partial Discharge
94.96,4.37,0.62,0.02,0.02,Partial Discharge
41.0,112.0,0.0001,254.0,4536.0,Partial Discharge
100.0,18.0,0.0001,0.0001,0.0001,Partial Discharge
37800.0,1740.0,249.0,8.0,8.0,Partial Discharge
103.5,4.7,16.3,3.5,0.0001,Partial Discharge
200.0,230.0,2.0,170.0,480.0,Partial Discharge
40280.0,1069.0,1060.0,1.0,1.0,Partial Discharge
116.0,14.0,134.0,5.3,0.0001,Partial Discharge
88.0,9.0,0.0001,0.03,0.0001,Partial Discharge
105.0,23.0,13.0,4.0,3.0,Partial Discharge
625.0,49.0,9.0,7.0,0.6,Partial Discharge
134.0,13.0,267.0,0.0001,0.0001,Partial Discharge
181.5,22.0,76.0,3.7,0.0001,Partial Discharge
121.0,3.0,1.0,0.0001,0.0001,Partial Discharge
16000.0,3600.0,670.0,14.0,0.0001,Partial Discharge
890.0,110.0,3.0,84.0,700.0,Partial Discharge
2091.0,149.0,20.0,3.0,0.0001,Partial Discharge
26788.0,18342.0,2111.0,27.0,0.0001,Partial Discharge
1950.0,123.0,38.0,2.0,2.0,Partial Discharge
650.0,53.0,35.0,20.0,0.0001,Partial Discharge
92.8,6.75,0.44,0.0001,0.0001,Partial Discharge
187.0,5.0,1.0,0.0001,0.0001,Partial Discharge
111.7,19.4,104.1,6.4,3.8,Partial Discharge
85.87,7.01,4.49,2.64,0.0001,Partial Discharge
195.0,5.3,0.0001,0.0001,0.0001,Partial Discharge
60.0,5.0,1.0,6.0,29.0,Partial Discharge
2240.0,360.0,25.0,169.0,828.0,Partial Discharge
720.0,7.0,0.0001,15.0,101.0,Low Energy Discharge
109.0,19.0,5.0,12.0,59.0,Low Energy Discharge
8.0,0.0001,0.0001,43.0,101.0,Low Energy Discharge
169.0,38.0,48.5,6.5,5.8,Low Energy Discharge
14.1,4.0,1.3,1.5,9.5,Low Energy Discharge
124.0,14.0,4.0,0.0001,13.0,Low Energy Discharge
174.0,27.0,6.0,12.0,29.0,Low Energy Discharge
179.0,39.3,64.0,654.0,168.0,Low Energy Discharge
160.0,10.0,3.0,1.0,1.0,Low Energy Discharge
4.0,1.0,2.0,7.0,52.0,Low Energy Discharge
1330.0,10.0,20.0,66.0,182.0,Low Energy Discharge
137.0,33.0,8.0,29.0,111.0,Low Energy Discharge
595.0,32.0,4.0,18.0,65.0,Low Energy Discharge
56.0,334.1,75.0,32.0,31.0,Low Energy Discharge
716.0,7.1,33.0,20.0,6.8,Low Energy Discharge
4230.0,690.0,5.0,196.0,1180.0,Low Energy Discharge
142.0,17.0,4.0,7.0,38.0,Low Energy Discharge
163.0,26.0,7.0,19.0,133.0,Low Energy Discharge
549.0,121.3,25.5,31.9,198.5,Low Energy Discharge
476.0,28.0,27.0,36.0,148.0,Low Energy Discharge
345.0,112.3,27.5,51.5,58.8,Low Energy Discharge
234.5,30.28,6.11,47.69,175.88,Low Energy Discharge
153.0,18.0,9.0,0.0001,11.0,Low Energy Discharge
1230.0,163.0,27.0,233.0,692.0,Low Energy Discharge
111.0,2.8,47.0,0.0001,27.5,Low Energy Discharge
500.0,97.0,193.0,40.0,121.0,Low Energy Discharge
1000.0,500.0,1.0,400.0,500.0,Low Energy Discharge
595.0,80.0,9.0,89.0,244.0,Low Energy Discharge
102.0,6.0,6.0,7.0,10.0,Low Energy Discharge
315.0,60.0,14.0,93.0,218.0,Low Energy Discharge
67.8,8.89,1.88,12.67,36.2,Low Energy Discharge
95.0,10.0,0.0001,11.0,39.0,Low Energy Discharge
4127.0,267.0,18.0,355.0,2060.0,Low Energy Discharge
1570.0,735.0,87.0,1330.0,1740.0,High Energy Discharge
800.0,1393.0,304.0,2817.0,3000.0,High Energy Discharge
29.1,11.4,1.41,20.34,37.6,High Energy Discharge
245.0,120.0,18.0,131.0,167.0,High Energy Discharge
61.0,21.0,2.0,26.0,89.0,High Energy Discharge
99.0,170.0,20.0,200.0,190.0,High Energy Discharge
243.0,127.0,20.0,122.0,588.0,High Energy Discharge
2850.0,1115.0,138.0,1987.0,3675.0,High Energy Discharge
512.0,87.0,11.5,163.59,185.21,High Energy Discharge
235.46,333.59,177.52,1201.85,148.87,High Energy Discharge
120.0,31.0,0.0001,66.0,94.0,High Energy Discharge
615.0,200.0,42.0,102.0,68.0,High Energy Discharge
24.0,13.0,5.0,43.0,319.0,High Energy Discharge
56.0,10.0,1.3,13.5,17.6,High Energy Discharge
85.0,49.0,4.0,50.0,399.0,High Energy Discharge
5900.0,1500.0,68.0,1200.0,800.0,High Energy Discharge
34.0,21.0,4.0,49.0,56.0,High Energy Discharge
475.3,195.8,32.6,187.3,221.2,High Energy Discharge
191.0,62.0,27.0,123.0,71.0,High Energy Discharge
8200.0,3790.0,250.0,4620.0,5830.0,High Energy Discharge
0.0001,0.0001,10.0,5.0,35.0,High Energy Discharge
530.0,345.0,85.0,266.0,21.0,High Energy Discharge
4.0,88.0,213.0,14.0,35.0,High Energy Discharge
59.0,20.0,120.0,5.5,8.9,High Energy Discharge
810.0,580.0,111.0,570.0,490.0,High Energy Discharge
65.4,20.2,70.0,39.0,40.2,High Energy Discharge
60.0,40.0,6.9,110.0,70.0,High Energy Discharge
84.0,6.0,1.0,14.0,86.0,High Energy Discharge
145.88,40.65,9.37,34.02,59.71,High Energy Discharge
5000.0,1200.0,83.0,1000.0,1100.0,High Energy Discharge
20000.0,13000.0,1850.0,29000.0,57000.0,High Energy Discharge
10000.0,6730.0,345.0,7330.0,10400.0,High Energy Discharge
420.0,250.0,41.0,530.0,800.0,High Energy Discharge
70.0,4.0,91.0,0.0001,34.0,High Energy Discharge
47.0,9.0,4.0,16.0,81.0,High Energy Discharge
5100.0,1430.0,0.0001,1140.0,1010.0,High Energy Discharge
535.0,160.0,16.0,305.0,680.0,High Energy Discharge
41.0,16.0,19.0,58.0,106.0,High Energy Discharge
65.0,26.1,10.1,41.6,57.8,High Energy Discharge
545.0,130.0,16.0,153.0,239.0,High Energy Discharge
34.0,0.0001,0.0001,0.0001,44.0,High Energy Discharge
57.0,15.0,3.1,23.0,25.3,High Energy Discharge
161.0,38.0,210.0,13.0,0.0001,Low Temperature Thermal
9.0,38.0,93.0,8.0,0.0001,Low Temperature Thermal
55.0,22.0,0.5,2.6,0.0001,Low Temperature Thermal
15.0,7.0,92.0,5.0,0.0001,Low Temperature Thermal
14.0,14.0,124.0,7.0,1.0,Low Temperature Thermal
625.0,130.0,47.0,2.0,0.0001,Low Temperature Thermal
29.0,71.0,158.0,20.0,0.0001,Low Temperature Thermal
17.0,21.0,118.0,0.0001,4.0,Low Temperature Thermal
115.0,129.0,316.0,36.0,0.0001,Low Temperature Thermal
13.2,18.7,97.4,79.5,4.7,Low Temperature Thermal
10.0,44.0,106.0,28.0,0.0001,Low Temperature Thermal
27.0,30.0,23.0,2.4,0.1,Low Temperature Thermal
20.0,132.0,61.0,17.0,0.0001,Low Temperature Thermal
42.0,124.0,1.0,8.0,0.0001,Low Temperature Thermal
24.0,109.0,69.0,0.0001,0.0001,Low Temperature Thermal
16.0,68.0,124.0,15.0,0.0001,Low Temperature Thermal
16.4,45.5,68.7,3.8,0.0001,Low Temperature Thermal
37.0,47.0,10.0,5.5,0.0001,Low Temperature Thermal
86.0,8.0,2.5,2.5,0.0001,Low Temperature Thermal
29.9,24.1,34.3,92.5,0.6,Low Temperature Thermal
16.0,80.0,134.0,10.0,0.0001,Low Temperature Thermal
66.0,60.0,2.0,7.0,0.0001,Low Temperature Thermal
0.0001,43.0,146.0,9.0,0.0001,Low Temperature Thermal
87.2,73.18,27.14,56.88,0.0001,Low Temperature Thermal
128.0,35.0,213.0,17.0,0.0001,Low Temperature Thermal
14.0,62.0,16.0,3.0,0.0001,Low Temperature Thermal
37.0,123.0,67.0,52.0,0.0001,Low Temperature Thermal
130.0,140.0,2.0,120.0,0.0001,Low Temperature Thermal
43.0,28.0,72.0,9.0,0.0001,Low Temperature Thermal
16.0,105.0,224.0,15.0,0.0001,Low Temperature Thermal
19.0,62.0,95.0,5.0,0.0001,Low Temperature Thermal
79.0,40.0,264.0,10.0,0.0001,Low Temperature Thermal
69.0,174.0,267.0,15.0,0.0001,Low Temperature Thermal
137.0,97.0,12.0,29.0,1.5,Low Temperature Thermal
111.0,67.0,105.0,9.0,0.0001,Low Temperature Thermal
0.0001,116.0,70.0,0.0001,0.0001,Low Temperature Thermal
25.0,29.0,137.0,8.0,0.0001,Low Temperature Thermal
20.37,59.79,45.24,80.49,0.0001,Medium Temperature Thermal
19.0,47.0,27.0,62.0,0.0001,Medium Temperature Thermal
88.7,460.8,94.9,184.6,18.3,Medium Temperature Thermal
24.0,78.0,266.0,779.0,7.0,Medium Temperature Thermal
0.7,1.5,0.3,1.8,0.0001,Medium Temperature Thermal
360.0,610.0,259.0,260.0,9.0,Medium Temperature Thermal
31.0,56.0,33.0,77.0,0.0001,Medium Temperature Thermal
24700.0,61000.0,26300.0,42100.0,1560.0,Medium Temperature Thermal
62.0,425.0,276.0,651.0,26.0,Medium Temperature Thermal
295.0,1466.0,331.0,1295.0,32.0,Medium Temperature Thermal
109.0,102.0,28.0,91.0,0.0001,Medium Temperature Thermal
47.0,120.0,90.0,198.0,3.0,Medium Temperature Thermal
144.0,1672.0,394.0,669.0,0.0001,Medium Temperature Thermal
3.0,5.0,90.0,185.0,3.0,Medium Temperature Thermal
20.0,41.9,20.2,44.2,0.38,Medium Temperature Thermal
50.0,274.0,95.0,320.0,6.3,Medium Temperature Thermal
151.0,242.0,68.0,232.0,0.0001,Medium Temperature Thermal
46.9,161.6,94.1,193.6,0.56,Medium Temperature Thermal
37.0,96.0,19.0,57.0,0.0001,Medium Temperature Thermal
670.0,224.0,45.0,67.0,2.0,Medium Temperature Thermal
27.0,90.0,42.0,63.0,0.2,Medium Temperature Thermal
128.0,419.0,269.5,614.1,0.35,Medium Temperature Thermal
160.0,130.0,33.0,96.0,0.1,Medium Temperature Thermal
172.0,335.0,171.0,812.0,37.8,High Temperature Thermal
1.0,8.0,8.0,100.0,6.0,High Temperature Thermal
507.0,1053.0,297.0,1440.0,17.0,High Temperature Thermal
24.0,20.0,4.0,87.0,0.0001,High Temperature Thermal
65.0,34.0,16.0,112.0,0.0001,High Temperature Thermal
4.0,2.0,1.0,63.0,0.0001,High Temperature Thermal
114.0,241.0,80.0,574.0,0.0001,High Temperature Thermal
117.0,167.0,48.0,481.0,7.0,High Temperature Thermal
11.0,13.0,2.0,127.0,0.0001,High Temperature Thermal
55.0,159.0,114.0,493.0,0.0001,High Temperature Thermal
1550.0,2740.0,816.0,5450.0,184.0,High Temperature Thermal
78.0,161.0,86.0,353.0,10.0,High Temperature Thermal
33.0,79.0,30.0,215.0,5.0,High Temperature Thermal
170.0,320.0,53.0,520.0,3.2,High Temperature Thermal
10.0,4.0,1.0,87.0,0.0001,High Temperature Thermal
2500.0,10500.0,4790.0,13500.0,6.0,High Temperature Thermal
56.0,286.0,96.0,928.0,7.0,High Temperature Thermal
53.0,189.0,25.0,295.0,5.0,High Temperature Thermal
0.0001,10.0,17.0,68.0,5.0,High Temperature Thermal
150.0,22.0,9.0,60.0,11.0,High Temperature Thermal
99.0,288.0,73.0,386.0,0.0001,High Temperature Thermal
27.0,51.0,0.0001,153.0,0.0001,High Temperature Thermal
480.0,1075.0,298.0,1132.0,0.0001,High Temperature Thermal
376.0,575.0,146.0,1092.0,0.0001,High Temperature Thermal
100.0,200.0,110.0,670.0,11.0,High Temperature Thermal
231.0,3997.0,1726.0,5584.0,0.0001,High Temperature Thermal
12.0,270.0,0.0001,275.0,0.0001,High Temperature Thermal
8.47,28.22,8.73,52.89,1.66,High Temperature Thermal
1860.0,4980.0,0.0001,10700.0,1600.0,High Temperature Thermal
28.0,62.0,16.0,76.0,0.0001,High Temperature Thermal
22.4,22.4,2.69,13.44,1.57,High Temperature Thermal
191.0,1359.0,166.0,1494.0,2.0,High Temperature Thermal
50.0,100.0,51.0,305.0,9.0,High Temperature Thermal
3420.0,7870.0,1500.0,6990.0,33.0,High Temperature Thermal
65.0,61.0,16.0,143.0,3.0,High Temperature Thermal
16.0,87.0,75.0,395.0,30.0,High Temperature Thermal
1374.0,2648.0,628.0,5376.0,298.0,High Temperature Thermal
135.88,362.42,125.22,826.65,3.74,High Temperature Thermal
34.0,174.0,52.0,361.0,0.0001,High Temperature Thermal
3675.0,6392.0,2500.0,7691.0,5.0,High Temperature Thermal
