H2,CH4,C2H6,C2H4,C2H2,fault_type
1458.0,9.0,1812.0,0.0001,0.0001,局部放电
2240.0,157.0,90.0,157.0,45.0,局部放电
73.0,8.0,4.0,2.0,12.0,局部放电
235.0,16.0,0.0001,35.0,0.0001,局部放电
9340.0,995.0,60.0,6.0,7.0,局部放电
33046.0,619.0,58.0,2.0,0.0001,局部放电
8266.0,1061.0,22.0,0.0001,0.0001,局部放电
230.0,15.9,16.3,1.9,2.4,局部放电
109.0,16.0,0.0001,0.0001,0.0001,局部放电
113.0,21.0,48.0,0.0001,4.0,局部放电
1309.0,124.0,113.0,6.0,0.0001,局部放电
1549.2,10.2,0.0001,53.19,0.0001,局部放电
101.0,8.1,0.0001,3.0,0.0001,局部放电
36036.0,4704.0,554.0,5.0,10.0,局部放电
160.0,10.0,3.0,1.0,1.0,局部放电
1076.0,95.0,4.0,71.0,231.0,局部放电
407.0,28.0,15.0,21.0,0.0001,局部放电
2240.0,560.0,380.0,450.0,940.0,局部放电
92600.0,10200.0,1.0,2.0,0.0001,局部放电
2587.2,112.25,4.704,1.4,0.0001,局部放电
195.9,14.5,11.6,2.4,0.0001,局部放电
180.85,0.574,0.234,0.188,0.0001,局部放电
4480.0,560.0,380.0,403.0,896.0,局部放电
1651.0,90.0,33.0,45.0,2.0,局部放电
980.0,73.0,58.0,12.0,0.0001,局部放电
6600.0,1000.0,38.0,2.0,19.0,局部放电
56.0,61.0,75.0,32.0,31.0,局部放电
2240.0,168.0,25.0,0.0001,0.0001,局部放电
92600.0,10200.0,0.0001,0.0001,0.0001,局部放电
24.3,15.7,6.4,11.2,29.8,局部放电
485.0,35.0,29.0,6.0,0.0001,局部放电
109.0,4.0,11.0,9.0,0.0001,局部放电
16000.0,4000.0,500.0,8500.0,16000.0,局部放电
2031.0,149.0,20.0,3.0,0.0001,局部放电
870.0,77.0,73.0,54.0,14.0,局部放电
106.0,4.0,2.0,1.0,0.0001,局部放电
32930.0,2397.0,157.0,0.0001,0.0001,局部放电
197.0,12.0,6.6,15.0,0.0001,局部放电
117.0,17.0,1.0,3.0,1.0,局部放电
160.0,24.7,38.5,0.0001,0.0001,局部放电
134.0,13.0,156.0,0.0001,0.0001,局部放电
166.0,21.0,38.0,6.0,0.0001,局部放电
183.0,6.0,0.0001,5.0,0.0001,局部放电
2240.0,157.0,90.0,45.0,45.0,局部放电
6454.0,2313.0,121.0,2159.0,6432.0,低能放电
240.0,20.0,5.0,28.0,96.0,低能放电
65.2,20.0,3.9,8.13,25.1,低能放电
143.0,5.8,16.0,10.6,26.3,低能放电
30.1,17.1,2.2,5.5,30.1,低能放电
120.0,25.0,1.0,8.0,40.0,低能放电
137.0,6.0,11.4,6.4,16.5,低能放电
23.0,63.0,54.0,10.0,0.3,低能放电
4879.0,262.0,15.0,332.0,1827.0,低能放电
301.0,5.78,4.7,9.7,5.0,低能放电
716.0,7.1,3.3,20.0,6.8,低能放电
289.0,13.4,18.2,49.8,36.3,低能放电
179.0,29.0,10.0,17.0,33.0,低能放电
2177.0,1049.0,207.0,440.0,705.0,低能放电
7600.0,1230.0,318.0,836.0,1560.0,低能放电
543.0,120.0,41.0,411.0,1880.0,低能放电
186.0,38.3,13.0,37.0,85.9,低能放电
4.1,3.5,0.68,1.2,5.2,低能放电
210.0,22.0,6.0,6.0,7.0,低能放电
254.0,5.2,0.0001,9.3,88.0,低能放电
385.0,28.8,50.0,82.3,171.0,低能放电
843.0,133.0,12.0,168.0,385.0,低能放电
208.0,7.6,27.5,9.7,14.4,低能放电
65.5,23.3,1.0,2.1,26.0,低能放电
35.0,6.0,3.0,26.0,482.0,低能放电
3559.0,187.0,22.0,230.0,1140.0,低能放电
10092.0,5399.0,530.0,6500.0,37565.0,低能放电
1900.0,285.0,31.0,957.0,7730.0,低能放电
307.0,22.0,2.0,33.0,109.0,低能放电
225.0,4.7,0.0001,8.7,89.0,低能放电
78.0,20.0,11.0,13.0,28.0,低能放电
266.0,30.2,4.9,26.2,60.2,低能放电
645.0,86.0,13.0,110.0,317.0,低能放电
119.0,8.0,23.3,7.9,12.3,低能放电
57.0,24.0,2.0,27.0,30.0,低能放电
14.2,4.0,1.4,1.5,9.51,低能放电
818.0,94.0,49.0,121.0,978.0,低能放电
115.0,25.5,110.0,12.2,8.6,低能放电
205.0,20.0,8.0,0.0001,6.0,低能放电
101.72,27.65,7.13,16.92,53.87,低能放电
135.0,27.0,24.0,9.0,13.0,低能放电
47.5,22.9,4.5,9.6,15.3,低能放电
6870.0,1028.0,79.0,900.0,5500.0,低能放电
119.0,8.0,20.0,0.0001,21.0,低能放电
60.0,10.0,4.0,4.0,4.0,低能放电
385.0,60.0,8.0,53.0,159.0,低能放电
5.26,0.0001,0.0001,28.2,66.4,低能放电
2510.0,202.0,139.0,208.0,1730.0,低能放电
650.0,81.0,170.0,51.0,270.0,低能放电
153.0,18.0,9.0,0.0001,278.0,低能放电
1790.0,580.0,321.0,336.0,619.0,低能放电
256.0,8.0,37.4,15.0,21.1,低能放电
60.0,10.0,0.0001,11.0,39.0,低能放电
151.0,13.5,50.7,5.0,9.2,低能放电
9.0,3.9,0.8,4.0,13.0,低能放电
274.0,27.0,5.0,33.0,97.0,低能放电
305.0,100.0,33.0,161.0,541.0,低能放电
176.0,652.9,47.7,75.7,68.7,低能放电
87.0,34.0,23.0,15.0,60.0,高能放电
220.0,77.0,22.0,170.0,240.0,高能放电
274.0,27.0,5.0,33.0,97.0,高能放电
155.0,49.0,69.3,42.0,10.7,高能放电
137.0,67.0,7.0,53.0,104.0,高能放电
63.0,22.0,15.0,11.0,76.0,高能放电
292.0,346.0,32.0,313.0,196.0,高能放电
217.0,286.0,14.0,458.0,884.0,高能放电
13500.0,6110.0,212.0,4510.0,4040.0,高能放电
88.5,22.8,108.4,12.0,7.5,高能放电
50.0,42.0,98.0,10.0,33.0,高能放电
60.0,5.0,2.0,21.0,32.0,高能放电
25.0,9.0,6.0,5.0,44.0,高能放电
37.9,7.7,2.16,18.4,33.7,高能放电
18.34,16.26,3.38,17.95,16.42,高能放电
1084.0,188.0,8.0,166.0,769.0,高能放电
497.0,230.0,51.0,151.0,122.0,高能放电
32.4,5.5,1.4,12.6,13.2,高能放电
19.0,12.0,2.0,8.0,63.0,高能放电
210.0,43.0,12.0,102.0,187.0,高能放电
26.0,68.0,93.0,31.0,59.0,高能放电
114.0,41.0,27.0,15.0,42.0,高能放电
7150.0,1440.0,97.0,1210.0,1760.0,高能放电
8.0,0.0001,0.0001,43.0,101.0,高能放电
1607.0,615.0,80.0,916.0,1294.0,高能放电
46.0,20.0,14.0,10.0,42.0,高能放电
1027.0,185.0,17.0,271.0,399.0,高能放电
37.0,11.8,15.5,43.6,83.3,高能放电
200.0,48.0,14.0,117.0,131.0,高能放电
392.0,153.0,82.0,45.0,236.0,高能放电
12.4,6.5,15.3,69.0,15.0,高能放电
71.0,151.0,9.0,89.0,412.0,高能放电
127.0,24.0,0.0001,32.0,81.0,高能放电
800.0,160.0,23.0,260.0,600.0,高能放电
212.0,38.0,15.0,47.0,78.0,高能放电
8200.0,3790.0,250.0,4620.0,277.0,高能放电
2800.0,2800.0,234.0,3500.0,3600.0,高能放电
195.7,58.0,16.4,91.6,96.9,高能放电
235.0,39.45,9.63,210.0,257.0,高能放电
441.0,207.0,43.0,224.0,261.0,高能放电
110.0,62.0,90.0,140.0,250.0,高能放电
88.0,21.8,79.2,41.2,41.5,高能放电
531.0,111.9,22.7,122.5,169.0,高能放电
9474.0,4066.0,353.0,6552.0,12997.0,高能放电
152.0,116.0,7.0,131.0,414.0,高能放电
150.0,130.0,9.0,55.0,30.0,高能放电
75.0,15.0,7.0,14.0,250.0,高能放电
43.0,19.0,3.0,0.0001,40.0,高能放电
1114.0,719.0,188.0,1217.0,699.0,高能放电
35.0,11.0,0.0001,7.0,146.0,高能放电
629.0,402.0,16.0,298.0,1127.0,高能放电
7940.0,2000.0,355.0,3120.0,5390.0,高能放电
7020.0,1850.0,0.0001,2960.0,4410.0,高能放电
151.0,51.0,16.0,12.0,19.0,高能放电
2.0,41.0,133.0,9.0,21.0,高能放电
75.5,30.2,2.33,30.3,18.2,高能放电
17.0,42.0,192.0,12.0,20.0,高能放电
156.0,55.0,103.0,13.0,16.0,高能放电
21.0,34.0,5.0,47.0,62.0,高能放电
64.0,18.0,1.0,4.0,122.0,高能放电
25.0,28.0,27.0,15.0,80.0,高能放电
2770.0,660.0,54.0,712.0,763.0,高能放电
4419.0,3564.0,668.0,2861.0,2025.0,高能放电
1500.0,395.0,28.0,395.0,323.0,高能放电
10.0,15.0,0.0001,0.0001,35.0,高能放电
1570.0,1110.0,175.0,1780.0,1830.0,高能放电
22.0,14.0,19.0,6.0,56.0,高能放电
1249.0,370.0,56.0,606.0,1371.0,高能放电
1900.0,530.0,35.0,383.0,434.0,高能放电
5900.0,1500.0,68.0,1200.0,2300.0,高能放电
3700.0,1690.0,128.0,2810.0,3270.0,高能放电
75.0,5.0,31.0,69.0,36.0,高能放电
323.0,115.0,7.0,130.0,446.0,高能放电
127.0,107.0,11.0,154.0,224.0,高能放电
3090.0,5020.0,323.0,3800.0,2540.0,高能放电
48.0,20.0,69.0,41.0,31.0,高能放电
60.0,5.0,2.0,21.0,21.0,高能放电
30.0,14.0,1.0,9.0,43.0,高能放电
1170.0,255.0,18.0,312.0,325.0,高能放电
858.0,1324.0,208.0,2793.0,7672.0,高能放电
14.3,92.6,83.9,16.7,26.8,高能放电
57.0,148.0,197.0,72.0,42.0,高能放电
260.0,215.0,35.0,334.0,277.0,高能放电
215.0,84.8,87.7,1002.0,212.0,高能放电
440.0,89.0,19.0,304.0,757.0,高能放电
77.0,36.0,27.0,18.0,76.0,高能放电
60.0,85.0,5.0,67.0,227.0,高能放电
594.0,230.0,44.0,130.0,102.0,高能放电
1820.0,405.0,35.0,365.0,634.0,高能放电
123.0,50.7,9.0,62.0,65.9,高能放电
90.0,28.0,8.0,31.0,32.0,高能放电
26.6,4.0,0.0001,8.0,50.0,高能放电
46.0,21.0,1.0,11.0,93.0,高能放电
13.0,3.0,1.0,3.0,6.0,高能放电
305.0,85.0,25.0,197.0,130.0,高能放电
75.0,15.0,7.0,14.0,26.0,高能放电
307.0,22.0,2.0,33.0,109.0,高能放电
0.0001,21.0,0.0001,0.0001,40.0,高能放电
88.0,45.0,57.0,15.0,39.0,高能放电
80.0,28.0,4.0,15.0,107.0,高能放电
755.0,229.0,32.0,404.0,460.0,高能放电
530.0,345.0,85.0,266.0,250.0,高能放电
310.0,230.0,54.0,610.0,760.0,高能放电
620.0,325.0,38.0,181.0,244.0,高能放电
4906.0,8784.0,1404.0,9924.0,9671.0,高能放电
85.0,98.0,315.0,30.0,0.0001,低温过热
12.0,28.0,102.0,3.0,0.0001,低温过热
36.0,167.0,230.0,18.0,0.0001,低温过热
24.0,47.0,113.0,10.0,0.0001,低温过热
54.9,8.8,80.0,2.5,0.0001,低温过热
112.0,68.0,136.0,9.0,0.0001,低温过热
7.0,15.0,78.0,58.0,0.0001,低温过热
219.0,44.0,3.0,3.0,0.0001,低温过热
39.4,65.2,103.9,8.1,0.0001,低温过热
95.0,110.0,160.0,50.0,0.0001,低温过热
0.0001,153.0,395.0,11.7,0.0001,低温过热
121.0,73.0,179.0,11.0,0.0001,低温过热
74.0,173.0,263.0,33.0,0.0001,低温过热
13.0,59.0,117.0,44.0,0.0001,低温过热
13.0,138.0,83.0,16.0,0.0001,低温过热
36.0,21.0,65.0,2.0,0.0001,低温过热
9.0,56.0,135.0,7.0,1.0,低温过热
0.0001,187.0,609.0,13.0,0.0001,低温过热
820.0,1740.0,951.0,867.0,128.0,低温过热
10.0,56.0,72.0,70.0,0.0001,低温过热
12.0,18.0,4.0,4.0,0.0001,低温过热
10.0,26.0,147.0,6.0,0.0001,低温过热
143.2,123.0,38.0,75.0,0.0001,低温过热
18.0,30.0,146.0,8.0,0.0001,低温过热
27.0,28.0,136.0,8.0,0.0001,低温过热
34.0,8.6,70.3,3.1,0.0001,低温过热
113.0,137.0,173.0,34.0,0.0001,低温过热
45.0,125.0,111.0,25.0,0.0001,低温过热
78.0,66.0,62.0,2.6,0.0001,低温过热
55.0,22.0,358.0,2.6,0.0001,低温过热
10.0,63.0,176.0,35.0,0.0001,低温过热
11.0,271.0,465.0,32.0,0.0001,低温过热
34.0,30.0,34.0,2.5,0.0001,低温过热
187.0,86.0,155.0,21.0,6.0,低温过热
93.5,131.9,39.0,11.7,0.0001,低温过热
48.0,40.0,11.0,0.5,0.0001,低温过热
124.0,166.0,87.0,59.0,0.0001,低温过热
8.0,16.0,88.0,7.0,0.0001,低温过热
320.0,131.0,187.0,127.0,0.0001,低温过热
92.0,27.0,67.0,7.0,0.0001,低温过热
900.0,9180.0,0.0001,900.0,22.0,低温过热
6.0,197.0,476.9,16.9,0.0001,低温过热
0.0001,215.0,555.0,18.4,0.0001,低温过热
78.0,66.0,283.0,2.6,0.0001,低温过热
130.0,140.0,24.0,120.0,0.0001,低温过热
10.0,24.0,80.0,5.0,0.0001,低温过热
0.0001,224.0,0.0001,45.0,0.0001,低温过热
19.0,48.0,76.0,18.0,0.0001,低温过热
6.0,38.0,93.0,32.0,0.0001,低温过热
11.0,46.0,155.0,18.0,0.0001,低温过热
27.0,49.0,192.0,9.0,0.0001,低温过热
103.0,74.0,80.0,9.0,0.0001,低温过热
31.2,8.9,119.0,4.4,0.0001,低温过热
0.0001,33.7,136.0,11.4,0.0001,低温过热
6.0,3.0,0.8,0.7,0.0001,低温过热
181.0,262.0,41.0,28.0,0.0001,低温过热
14.0,44.0,124.0,7.0,1.0,低温过热
1.0,27.0,49.0,4.0,1.0,低温过热
50.0,3.0,1.0,0.0001,0.0001,低温过热
21.0,14.0,191.0,90.0,0.0001,低温过热
160.0,130.0,33.0,96.0,0.0001,低温过热
16.0,68.0,157.0,19.0,0.0001,低温过热
122.0,161.0,271.0,35.0,0.0001,低温过热
4.0,99.0,82.0,4.2,0.1,低温过热
157.0,46.0,76.0,12.0,0.0001,低温过热
38.0,38.0,296.0,14.0,0.0001,低温过热
24.7,20.4,117.0,71.0,6.8,低温过热
74.8,30.1,82.3,13.6,0.0001,低温过热
33.0,29.0,9.0,12.0,0.0001,低温过热
74.0,100.0,85.0,17.0,0.0001,低温过热
5.0,14.0,234.0,5.0,0.0001,低温过热
181.0,162.0,70.0,132.0,0.0001,低温过热
36.0,94.0,78.0,13.0,2.0,低温过热
505.57,475.35,242.3,524.45,3.29,低温过热
25.0,49.0,42.0,58.0,0.0001,中温过热
14.0,15.0,42.0,73.0,0.0001,中温过热
180.0,175.0,75.0,50.0,4.0,中温过热
59.0,119.0,36.0,70.0,0.0001,中温过热
185.0,302.0,27.0,33.0,0.0001,中温过热
1270.0,3450.0,520.0,1390.0,8.0,中温过热
119.0,670.0,286.0,934.0,19.0,中温过热
72.0,442.0,221.0,461.0,0.7,中温过热
16.0,98.0,35.0,64.0,0.0001,中温过热
41.0,65.0,22.0,58.0,0.0001,中温过热
110.6,458.8,242.6,406.4,0.0001,中温过热
200.0,700.0,250.0,740.0,1.0,中温过热
15.0,159.0,29.0,87.0,0.0001,中温过热
18.0,63.0,20.0,51.0,0.0001,中温过热
54.0,143.0,23.0,101.0,0.0001,中温过热
43.0,116.0,65.0,139.0,0.0001,中温过热
73.0,177.0,37.0,52.0,0.0001,中温过热
57.0,141.0,38.0,51.0,0.0001,中温过热
15.0,139.0,160.0,343.0,0.0001,中温过热
23.51,61.33,45.21,98.03,1.01,中温过热
2.0,123.0,7.0,18.0,0.0001,中温过热
24.0,80.0,258.0,741.0,6.0,中温过热
613.0,3240.0,1432.0,2788.0,0.0001,中温过热
109.0,226.0,68.0,192.0,0.0001,中温过热
35.0,283.0,121.0,222.0,0.0001,中温过热
2.0,5.0,81.0,172.0,0.0001,中温过热
30.4,117.0,44.2,138.0,0.1,中温过热
0.0001,6.0,52.0,67.0,0.0001,中温过热
2004.0,9739.0,2750.0,5113.0,0.0001,中温过热
31.0,63.0,246.0,714.0,7.0,中温过热
26.0,398.0,85.0,319.0,0.0001,中温过热
152.0,32.0,28.0,55.0,0.0001,中温过热
300.0,490.0,180.0,360.0,95.0,中温过热
960.0,4000.0,1290.0,1560.0,6.0,中温过热
0.67,0.224,0.045,0.067,0.002,中温过热
0.0001,4.9,81.0,172.0,0.0001,中温过热
24.0,34.6,14.2,21.7,0.0001,中温过热
220.0,340.0,42.0,480.0,14.0,高温过热
290.0,966.0,299.0,1810.0,57.0,高温过热
8800.0,64064.0,72128.0,95650.0,0.0001,高温过热
39.0,525.0,538.0,2925.0,16.0,高温过热
290.0,1260.0,231.0,820.0,8.0,高温过热
0.0001,153.0,130.0,677.0,13.0,高温过热
15.55,7.4,7.4,41.93,6.35,高温过热
35.1,50.6,16.1,93.0,1.1,高温过热
0.0001,28.0,64.0,408.0,6.0,高温过热
156.0,240.0,54.0,399.0,0.98,高温过热
89.0,281.0,145.0,1216.0,22.0,高温过热
1100.0,1600.0,221.0,2010.0,26.0,高温过热
0.0001,0.0001,9.0,57.0,0.0001,高温过热
137.0,369.0,144.0,1242.0,16.0,高温过热
425.0,17424.0,7299.0,37043.0,158.0,高温过热
30.0,25.5,31.5,93.0,1.8,高温过热
107.0,143.0,34.0,222.0,2.0,高温过热
860.0,1670.0,30.0,2050.0,40.0,高温过热
0.0001,106.0,170.0,871.0,6.0,高温过热
8.0,1.0,0.0001,60.0,0.0001,高温过热
53.0,150.0,64.0,379.0,0.0001,高温过热
400.0,940.0,210.0,820.0,24.0,高温过热
199.0,770.0,217.0,1508.0,72.0,高温过热
244.0,754.0,172.0,1281.0,27.0,高温过热
60.0,144.0,67.0,449.0,9.0,高温过热
6709.0,10500.0,1400.0,17700.0,750.0,高温过热
86.0,277.0,63.0,338.0,0.0001,高温过热
7.0,31.0,23.0,148.0,0.0001,高温过热
300.0,700.0,280.0,1700.0,36.0,高温过热
20.0,26.0,6.0,55.0,0.0001,高温过热
3910.0,4290.0,626.0,6040.0,1230.0,高温过热
23.0,14151.0,5332.0,23264.0,0.0001,高温过热
135.65,278.53,58.86,492.0,2.95,高温过热
9.0,47.0,144.0,628.0,0.0001,高温过热
8.0,88.0,45.0,252.0,0.0001,高温过热
179.0,306.0,73.0,579.0,0.0001,高温过热
80.0,619.0,326.0,2480.0,0.0001,高温过热
416.0,695.0,74.0,867.0,0.0001,高温过热
19.3,103.0,159.0,19.0,0.6,高温过热
137.0,279.0,66.0,505.0,0.0001,高温过热
12705.0,23498.0,6047.0,34257.0,5188.0,高温过热
46.0,147.0,27.0,150.0,0.0001,高温过热
21.0,42.0,4.0,92.0,0.0001,高温过热
165.62,240.95,61.32,514.53,13.53,高温过热
39.0,7.0,12.0,65.0,0.0001,高温过热
86.0,480.0,155.0,644.0,9.0,高温过热
68.0,99.2,35.9,202.9,0.0001,高温过热
172.9,334.0,172.0,812.5,37.7,高温过热
164.0,244.0,103.0,497.0,8.3,高温过热
20.0,48.0,36.0,186.0,0.0001,高温过热
0.0001,0.0001,0.0001,142.0,0.0001,高温过热
63.0,149.6,57.5,276.0,0.0001,高温过热
121.0,450.0,146.0,898.0,116.0,高温过热
30.0,51.0,12.0,54.0,0.0001,高温过热
22400.0,22400.0,2690.0,13440.0,1570.0,高温过热
36.0,30.0,10.0,93.0,7.1,高温过热
17.0,40.0,11.0,86.0,0.0001,高温过热
0.0001,3.4,0.0001,54.0,0.0001,高温过热
18.0,35.0,2.0,110.0,0.0001,高温过热
35.0,29.0,7.0,78.0,0.0001,高温过热
6.0,2990.0,29990.0,26076.0,67.0,高温过热
236.0,410.2,159.0,817.3,3.5,高温过热
0.0001,100.0,309.0,1365.0,7.0,高温过热
173.0,334.0,172.0,812.5,37.7,高温过热
110.0,7.0,0.0001,0.0001,0.0001,局部放电
240.0,20.0,5.0,28.0,96.0,局部放电
5000.0,4000.0,2000.0,2000.0,8000.0,局部放电
94.96,4.37,0.62,0.02,0.02,局部放电
41.0,112.0,0.0001,254.0,4536.0,局部放电
100.0,18.0,0.0001,0.0001,0.0001,局部放电
37800.0,1740.0,249.0,8.0,8.0,局部放电
103.5,4.7,16.3,3.5,0.0001,局部放电
200.0,230.0,2.0,170.0,480.0,局部放电
40280.0,1069.0,1060.0,1.0,1.0,局部放电
116.0,14.0,134.0,5.3,0.0001,局部放电
88.0,9.0,0.0001,0.03,0.0001,局部放电
105.0,23.0,13.0,4.0,3.0,局部放电
625.0,49.0,9.0,7.0,0.6,局部放电
134.0,13.0,267.0,0.0001,0.0001,局部放电
181.5,22.0,76.0,3.7,0.0001,局部放电
121.0,3.0,1.0,0.0001,0.0001,局部放电
16000.0,3600.0,670.0,14.0,0.0001,局部放电
890.0,110.0,3.0,84.0,700.0,局部放电
2091.0,149.0,20.0,3.0,0.0001,局部放电
26788.0,18342.0,2111.0,27.0,0.0001,局部放电
1950.0,123.0,38.0,2.0,2.0,局部放电
650.0,53.0,35.0,20.0,0.0001,局部放电
92.8,6.75,0.44,0.0001,0.0001,局部放电
187.0,5.0,1.0,0.0001,0.0001,局部放电
111.7,19.4,104.1,6.4,3.8,局部放电
85.87,7.01,4.49,2.64,0.0001,局部放电
195.0,5.3,0.0001,0.0001,0.0001,局部放电
60.0,5.0,1.0,6.0,29.0,局部放电
2240.0,360.0,25.0,169.0,828.0,局部放电
720.0,7.0,0.0001,15.0,101.0,低能放电
109.0,19.0,5.0,12.0,59.0,低能放电
8.0,0.0001,0.0001,43.0,101.0,低能放电
169.0,38.0,48.5,6.5,5.8,低能放电
14.1,4.0,1.3,1.5,9.5,低能放电
124.0,14.0,4.0,0.0001,13.0,低能放电
174.0,27.0,6.0,12.0,29.0,低能放电
179.0,39.3,64.0,654.0,168.0,低能放电
160.0,10.0,3.0,1.0,1.0,低能放电
4.0,1.0,2.0,7.0,52.0,低能放电
1330.0,10.0,20.0,66.0,182.0,低能放电
137.0,33.0,8.0,29.0,111.0,低能放电
595.0,32.0,4.0,18.0,65.0,低能放电
56.0,334.1,75.0,32.0,31.0,低能放电
716.0,7.1,33.0,20.0,6.8,低能放电
4230.0,690.0,5.0,196.0,1180.0,低能放电
142.0,17.0,4.0,7.0,38.0,低能放电
163.0,26.0,7.0,19.0,133.0,低能放电
549.0,121.3,25.5,31.9,198.5,低能放电
476.0,28.0,27.0,36.0,148.0,低能放电
345.0,112.3,27.5,51.5,58.8,低能放电
234.5,30.28,6.11,47.69,175.88,低能放电
153.0,18.0,9.0,0.0001,11.0,低能放电
1230.0,163.0,27.0,233.0,692.0,低能放电
111.0,2.8,47.0,0.0001,27.5,低能放电
500.0,97.0,193.0,40.0,121.0,低能放电
1000.0,500.0,1.0,400.0,500.0,低能放电
595.0,80.0,9.0,89.0,244.0,低能放电
102.0,6.0,6.0,7.0,10.0,低能放电
315.0,60.0,14.0,93.0,218.0,低能放电
67.8,8.89,1.88,12.67,36.2,低能放电
95.0,10.0,0.0001,11.0,39.0,低能放电
4127.0,267.0,18.0,355.0,2060.0,低能放电
1570.0,735.0,87.0,1330.0,1740.0,高能放电
800.0,1393.0,304.0,2817.0,3000.0,高能放电
29.1,11.4,1.41,20.34,37.6,高能放电
245.0,120.0,18.0,131.0,167.0,高能放电
61.0,21.0,2.0,26.0,89.0,高能放电
99.0,170.0,20.0,200.0,190.0,高能放电
243.0,127.0,20.0,122.0,588.0,高能放电
2850.0,1115.0,138.0,1987.0,3675.0,高能放电
512.0,87.0,11.5,163.59,185.21,高能放电
235.46,333.59,177.52,1201.85,148.87,高能放电
120.0,31.0,0.0001,66.0,94.0,高能放电
615.0,200.0,42.0,102.0,68.0,高能放电
24.0,13.0,5.0,43.0,319.0,高能放电
56.0,10.0,1.3,13.5,17.6,高能放电
85.0,49.0,4.0,50.0,399.0,高能放电
5900.0,1500.0,68.0,1200.0,800.0,高能放电
34.0,21.0,4.0,49.0,56.0,高能放电
475.3,195.8,32.6,187.3,221.2,高能放电
191.0,62.0,27.0,123.0,71.0,高能放电
8200.0,3790.0,250.0,4620.0,5830.0,高能放电
0.0001,0.0001,10.0,5.0,35.0,高能放电
530.0,345.0,85.0,266.0,21.0,高能放电
4.0,88.0,213.0,14.0,35.0,高能放电
59.0,20.0,120.0,5.5,8.9,高能放电
810.0,580.0,111.0,570.0,490.0,高能放电
65.4,20.2,70.0,39.0,40.2,高能放电
60.0,40.0,6.9,110.0,70.0,高能放电
84.0,6.0,1.0,14.0,86.0,高能放电
145.88,40.65,9.37,34.02,59.71,高能放电
5000.0,1200.0,83.0,1000.0,1100.0,高能放电
20000.0,13000.0,1850.0,29000.0,57000.0,高能放电
10000.0,6730.0,345.0,7330.0,10400.0,高能放电
420.0,250.0,41.0,530.0,800.0,高能放电
70.0,4.0,91.0,0.0001,34.0,高能放电
47.0,9.0,4.0,16.0,81.0,高能放电
5100.0,1430.0,0.0001,1140.0,1010.0,高能放电
535.0,160.0,16.0,305.0,680.0,高能放电
41.0,16.0,19.0,58.0,106.0,高能放电
65.0,26.1,10.1,41.6,57.8,高能放电
545.0,130.0,16.0,153.0,239.0,高能放电
34.0,0.0001,0.0001,0.0001,44.0,高能放电
57.0,15.0,3.1,23.0,25.3,高能放电
161.0,38.0,210.0,13.0,0.0001,低温过热
9.0,38.0,93.0,8.0,0.0001,低温过热
55.0,22.0,0.5,2.6,0.0001,低温过热
15.0,7.0,92.0,5.0,0.0001,低温过热
14.0,14.0,124.0,7.0,1.0,低温过热
625.0,130.0,47.0,2.0,0.0001,低温过热
29.0,71.0,158.0,20.0,0.0001,低温过热
17.0,21.0,118.0,0.0001,4.0,低温过热
115.0,129.0,316.0,36.0,0.0001,低温过热
13.2,18.7,97.4,79.5,4.7,低温过热
10.0,44.0,106.0,28.0,0.0001,低温过热
27.0,30.0,23.0,2.4,0.1,低温过热
20.0,132.0,61.0,17.0,0.0001,低温过热
42.0,124.0,1.0,8.0,0.0001,低温过热
24.0,109.0,69.0,0.0001,0.0001,低温过热
16.0,68.0,124.0,15.0,0.0001,低温过热
16.4,45.5,68.7,3.8,0.0001,低温过热
37.0,47.0,10.0,5.5,0.0001,低温过热
86.0,8.0,2.5,2.5,0.0001,低温过热
29.9,24.1,34.3,92.5,0.6,低温过热
16.0,80.0,134.0,10.0,0.0001,低温过热
66.0,60.0,2.0,7.0,0.0001,低温过热
0.0001,43.0,146.0,9.0,0.0001,低温过热
87.2,73.18,27.14,56.88,0.0001,低温过热
128.0,35.0,213.0,17.0,0.0001,低温过热
14.0,62.0,16.0,3.0,0.0001,低温过热
37.0,123.0,67.0,52.0,0.0001,低温过热
130.0,140.0,2.0,120.0,0.0001,低温过热
43.0,28.0,72.0,9.0,0.0001,低温过热
16.0,105.0,224.0,15.0,0.0001,低温过热
19.0,62.0,95.0,5.0,0.0001,低温过热
79.0,40.0,264.0,10.0,0.0001,低温过热
69.0,174.0,267.0,15.0,0.0001,低温过热
137.0,97.0,12.0,29.0,1.5,低温过热
111.0,67.0,105.0,9.0,0.0001,低温过热
0.0001,116.0,70.0,0.0001,0.0001,低温过热
25.0,29.0,137.0,8.0,0.0001,低温过热
20.37,59.79,45.24,80.49,0.0001,中温过热
19.0,47.0,27.0,62.0,0.0001,中温过热
88.7,460.8,94.9,184.6,18.3,中温过热
24.0,78.0,266.0,779.0,7.0,中温过热
0.7,1.5,0.3,1.8,0.0001,中温过热
360.0,610.0,259.0,260.0,9.0,中温过热
31.0,56.0,33.0,77.0,0.0001,中温过热
24700.0,61000.0,26300.0,42100.0,1560.0,中温过热
62.0,425.0,276.0,651.0,26.0,中温过热
295.0,1466.0,331.0,1295.0,32.0,中温过热
109.0,102.0,28.0,91.0,0.0001,中温过热
47.0,120.0,90.0,198.0,3.0,中温过热
144.0,1672.0,394.0,669.0,0.0001,中温过热
3.0,5.0,90.0,185.0,3.0,中温过热
20.0,41.9,20.2,44.2,0.38,中温过热
50.0,274.0,95.0,320.0,6.3,中温过热
151.0,242.0,68.0,232.0,0.0001,中温过热
46.9,161.6,94.1,193.6,0.56,中温过热
37.0,96.0,19.0,57.0,0.0001,中温过热
670.0,224.0,45.0,67.0,2.0,中温过热
27.0,90.0,42.0,63.0,0.2,中温过热
128.0,419.0,269.5,614.1,0.35,中温过热
160.0,130.0,33.0,96.0,0.1,中温过热
172.0,335.0,171.0,812.0,37.8,高温过热
1.0,8.0,8.0,100.0,6.0,高温过热
507.0,1053.0,297.0,1440.0,17.0,高温过热
24.0,20.0,4.0,87.0,0.0001,高温过热
65.0,34.0,16.0,112.0,0.0001,高温过热
4.0,2.0,1.0,63.0,0.0001,高温过热
114.0,241.0,80.0,574.0,0.0001,高温过热
117.0,167.0,48.0,481.0,7.0,高温过热
11.0,13.0,2.0,127.0,0.0001,高温过热
55.0,159.0,114.0,493.0,0.0001,高温过热
1550.0,2740.0,816.0,5450.0,184.0,高温过热
78.0,161.0,86.0,353.0,10.0,高温过热
33.0,79.0,30.0,215.0,5.0,高温过热
170.0,320.0,53.0,520.0,3.2,高温过热
10.0,4.0,1.0,87.0,0.0001,高温过热
2500.0,10500.0,4790.0,13500.0,6.0,高温过热
56.0,286.0,96.0,928.0,7.0,高温过热
53.0,189.0,25.0,295.0,5.0,高温过热
0.0001,10.0,17.0,68.0,5.0,高温过热
150.0,22.0,9.0,60.0,11.0,高温过热
99.0,288.0,73.0,386.0,0.0001,高温过热
27.0,51.0,0.0001,153.0,0.0001,高温过热
480.0,1075.0,298.0,1132.0,0.0001,高温过热
376.0,575.0,146.0,1092.0,0.0001,高温过热
100.0,200.0,110.0,670.0,11.0,高温过热
231.0,3997.0,1726.0,5584.0,0.0001,高温过热
12.0,270.0,0.0001,275.0,0.0001,高温过热
8.47,28.22,8.73,52.89,1.66,高温过热
1860.0,4980.0,0.0001,10700.0,1600.0,高温过热
28.0,62.0,16.0,76.0,0.0001,高温过热
22.4,22.4,2.69,13.44,1.57,高温过热
191.0,1359.0,166.0,1494.0,2.0,高温过热
50.0,100.0,51.0,305.0,9.0,高温过热
3420.0,7870.0,1500.0,6990.0,33.0,高温过热
65.0,61.0,16.0,143.0,3.0,高温过热
16.0,87.0,75.0,395.0,30.0,高温过热
1374.0,2648.0,628.0,5376.0,298.0,高温过热
135.88,362.42,125.22,826.65,3.74,高温过热
34.0,174.0,52.0,361.0,0.0001,高温过热
3675.0,6392.0,2500.0,7691.0,5.0,高温过热
