Sample,Predicted Fault,Model Probability (%)
1,Partial Discharge,96.5
2,Partial Discharge,83.5
3,Partial Discharge,74.0
4,Partial Discharge,92.5
5,Partial Discharge,96.5
6,Partial Discharge,99.5
7,Partial Discharge,99.5
8,Partial Discharge,93.91666666666666
9,Partial Discharge,100.0
10,Partial Discharge,88.375
11,Partial Discharge,91.5
12,Partial Discharge,81.0
13,Partial Discharge,98.5
14,Partial Discharge,92.0
15,Partial Discharge,58.83988095238094
16,Partial Discharge,80.0
17,Partial Discharge,93.5
18,Partial Discharge,88.0
19,Partial Discharge,99.5
20,Partial Discharge,96.25
21,Partial Discharge,96.66666666666667
22,Partial Discharge,96.5
23,Partial Discharge,91.5
24,Partial Discharge,83.5
25,Partial Discharge,86.5
26,Partial Discharge,89.0
27,Partial Discharge,80.5
28,Partial Discharge,96.5
29,Partial Discharge,100.0
30,Partial Discharge,68.5
31,Partial Discharge,95.5
32,Partial Discharge,90.0
33,Partial Discharge,73.5
34,Partial Discharge,98.0
35,Partial Discharge,81.5
36,Partial Discharge,96.20833333333334
37,Partial Discharge,98.5
38,Partial Discharge,96.5
39,Partial Discharge,95.15
40,Partial Discharge,92.5
41,Partial Discharge,97.0
42,Partial Discharge,97.5
43,Partial Discharge,98.9
44,Partial Discharge,94.0
45,Low-Energy Discharge,70.0
46,Partial Discharge,54.65000000000002
47,Low-Energy Discharge,85.0
48,Low-Energy Discharge,95.25
49,Low-Energy Discharge,74.5
50,Low-Energy Discharge,91.8
51,Low-Energy Discharge,98.5
52,Low-Energy Discharge,69.0
53,Low-Energy Discharge,88.0
54,Low-Energy Discharge,95.375
55,Low-Energy Discharge,93.75
56,Low-Energy Discharge,83.41666666666667
57,Low-Energy Discharge,94.125
58,Low-Energy Discharge,74.5
59,Low-Energy Discharge,71.5
60,Low-Energy Discharge,81.0
61,Low-Energy Discharge,73.25
62,Low-Energy Discharge,80.5
63,Low-Energy Discharge,93.0
64,Low-Energy Discharge,97.16666666666667
65,Low-Energy Discharge,86.5
66,Low-Energy Discharge,76.5
67,Low-Energy Discharge,97.5
68,Low-Energy Discharge,89.0
69,Low-Energy Discharge,68.0
70,Low-Energy Discharge,88.0
71,Low-Energy Discharge,57.99999999999999
72,Low-Energy Discharge,76.5
73,Low-Energy Discharge,63.99166666666666
74,Low-Energy Discharge,94.75000000000001
75,Low-Energy Discharge,75.5
76,Low-Energy Discharge,90.40833333333333
77,Low-Energy Discharge,83.5
78,Low-Energy Discharge,96.0
79,Low-Energy Discharge,81.0
80,Low-Energy Discharge,91.0
81,Low-Energy Discharge,84.0
82,Low-Energy Discharge,76.5
83,Low-Energy Discharge,91.45833333333334
84,Low-Energy Discharge,89.5
85,Low-Energy Discharge,96.5
86,Low-Energy Discharge,72.5
87,Low-Energy Discharge,81.0
88,Low-Energy Discharge,96.75
89,Low-Energy Discharge,73.08333333333334
90,Low-Energy Discharge,81.83333333333333
91,Low-Energy Discharge,85.66666666666667
92,Low-Energy Discharge,83.5
93,Low-Energy Discharge,85.0
94,Low-Energy Discharge,92.58333333333333
95,Low-Energy Discharge,71.0
96,Low-Energy Discharge,92.25
97,Low-Energy Discharge,74.5
98,Low-Energy Discharge,86.0
99,Low-Energy Discharge,87.25
100,Low-Energy Discharge,61.42321428571429
101,Low-Energy Discharge,73.0
102,Low-Energy Discharge,73.0
103,High-Energy Discharge,91.5
104,High-Energy Discharge,91.0
105,Low-Energy Discharge,61.42321428571429
106,High-Energy Discharge,67.0
107,High-Energy Discharge,83.5
108,High-Energy Discharge,87.0
109,High-Energy Discharge,92.5
110,High-Energy Discharge,81.0
111,High-Energy Discharge,86.5
112,High-Energy Discharge,59.5
113,High-Energy Discharge,94.0
114,High-Energy Discharge,78.5
115,High-Energy Discharge,82.5
116,High-Energy Discharge,80.5
117,High-Energy Discharge,74.0
118,High-Energy Discharge,61.5
119,High-Energy Discharge,85.5
120,High-Energy Discharge,69.5
121,High-Energy Discharge,87.0
122,High-Energy Discharge,82.5
123,High-Energy Discharge,82.0
124,High-Energy Discharge,76.5
125,High-Energy Discharge,81.5
126,Low-Energy Discharge,56.24166666666667
127,High-Energy Discharge,83.5
128,High-Energy Discharge,89.0
129,High-Energy Discharge,82.5
130,High-Energy Discharge,93.7
131,High-Energy Discharge,93.0
132,High-Energy Discharge,69.5
133,High-Energy Discharge,69.66666666666667
134,High-Energy Discharge,87.0
135,High-Energy Discharge,67.73333333333333
136,High-Energy Discharge,74.5
137,High-Energy Discharge,70.5
138,High-Energy Discharge,77.0
139,High-Energy Discharge,94.5
140,High-Energy Discharge,87.5
141,High-Energy Discharge,81.5
142,High-Energy Discharge,90.5
143,High-Energy Discharge,74.5
144,High-Energy Discharge,85.5
145,High-Energy Discharge,80.0
146,High-Energy Discharge,69.0
147,High-Energy Discharge,91.5
148,High-Energy Discharge,76.83333333333333
149,High-Energy Discharge,90.0
150,High-Energy Discharge,84.0
151,High-Energy Discharge,80.5
152,High-Energy Discharge,90.5
153,High-Energy Discharge,74.5
154,High-Energy Discharge,79.5
155,High-Energy Discharge,68.0
156,High-Energy Discharge,78.5
157,High-Energy Discharge,84.5
158,High-Energy Discharge,71.0
159,High-Energy Discharge,86.5
160,High-Energy Discharge,70.0
161,High-Energy Discharge,90.5
162,High-Energy Discharge,78.0
163,High-Energy Discharge,91.5
164,High-Energy Discharge,77.0
165,High-Energy Discharge,57.99999999999999
166,High-Energy Discharge,86.5
167,High-Energy Discharge,75.16666666666667
168,High-Energy Discharge,88.5
169,High-Energy Discharge,90.5
170,High-Energy Discharge,83.0
171,High-Energy Discharge,77.5
172,High-Energy Discharge,88.0
173,High-Energy Discharge,90.5
174,High-Energy Discharge,75.70833333333333
175,High-Energy Discharge,76.0
176,High-Energy Discharge,94.0
177,High-Energy Discharge,84.5
178,High-Energy Discharge,71.2
179,High-Energy Discharge,84.0
180,High-Energy Discharge,90.5
181,High-Energy Discharge,82.0
182,High-Energy Discharge,78.5
183,High-Energy Discharge,74.5
184,High-Energy Discharge,71.0
185,High-Energy Discharge,91.0
186,High-Energy Discharge,69.5
187,High-Energy Discharge,78.5
188,High-Energy Discharge,93.5
189,High-Energy Discharge,91.33333333333334
190,High-Energy Discharge,86.0
191,High-Energy Discharge,80.0
192,High-Energy Discharge,92.0
193,High-Energy Discharge,81.0
194,High-Energy Discharge,72.5
195,High-Energy Discharge,90.16666666666666
196,High-Energy Discharge,52.0
197,High-Energy Discharge,79.5
198,High-Energy Discharge,73.0
199,Low-Energy Discharge,63.99166666666666
200,High-Energy Discharge,80.5
201,High-Energy Discharge,87.0
202,High-Energy Discharge,84.33333333333334
203,High-Energy Discharge,89.5
204,High-Energy Discharge,91.0
205,High-Energy Discharge,88.0
206,High-Energy Discharge,93.0
207,High-Energy Discharge,60.5
208,Low-Temperature Overheating,98.0
209,Low-Temperature Overheating,100.0
210,Low-Temperature Overheating,97.0
211,Low-Temperature Overheating,98.5
212,Low-Temperature Overheating,97.0
213,Low-Temperature Overheating,96.0
214,Low-Temperature Overheating,76.5
215,Low-Temperature Overheating,61.5
216,Low-Temperature Overheating,100.0
217,Low-Temperature Overheating,89.0
218,Low-Temperature Overheating,99.0
219,Low-Temperature Overheating,97.5
220,Low-Temperature Overheating,95.0
221,Low-Temperature Overheating,92.0
222,Low-Temperature Overheating,97.5
223,Low-Temperature Overheating,96.5
224,Low-Temperature Overheating,95.5
225,Low-Temperature Overheating,98.5
226,Low-Temperature Overheating,61.5
227,Low-Temperature Overheating,65.5
228,Low-Temperature Overheating,85.0
229,Low-Temperature Overheating,98.5
230,Low-Temperature Overheating,77.5
231,Low-Temperature Overheating,100.0
232,Low-Temperature Overheating,100.0
233,Low-Temperature Overheating,97.0
234,Low-Temperature Overheating,99.0
235,Low-Temperature Overheating,95.0
236,Low-Temperature Overheating,94.0
237,Low-Temperature Overheating,96.5
238,Low-Temperature Overheating,99.5
239,Low-Temperature Overheating,97.0
240,Low-Temperature Overheating,92.5
241,Low-Temperature Overheating,69.5
242,Low-Temperature Overheating,83.0
243,Low-Temperature Overheating,93.0
244,Low-Temperature Overheating,81.0
245,Low-Temperature Overheating,99.0
246,Low-Temperature Overheating,82.0
247,Low-Temperature Overheating,83.0
248,Low-Temperature Overheating,65.0
249,Low-Temperature Overheating,98.5
250,Low-Temperature Overheating,98.0
251,Low-Temperature Overheating,98.0
252,Low-Temperature Overheating,80.5
253,Low-Temperature Overheating,98.5
254,Low-Temperature Overheating,67.5
255,Low-Temperature Overheating,99.0
256,Low-Temperature Overheating,97.5
257,Low-Temperature Overheating,99.5
258,Low-Temperature Overheating,100.0
259,Low-Temperature Overheating,98.0
260,Low-Temperature Overheating,98.5
261,Low-Temperature Overheating,98.5
262,Low-Temperature Overheating,77.5
263,Low-Temperature Overheating,71.0
264,Low-Temperature Overheating,94.0
265,Low-Temperature Overheating,80.0
266,Low-Temperature Overheating,77.5
267,Low-Temperature Overheating,81.5
268,Low-Temperature Overheating,72.0
269,Low-Temperature Overheating,97.0
270,Low-Temperature Overheating,96.0
271,Low-Temperature Overheating,97.0
272,Low-Temperature Overheating,91.0
273,Low-Temperature Overheating,99.5
274,Low-Temperature Overheating,75.5
275,Low-Temperature Overheating,97.5
276,Low-Temperature Overheating,84.0
277,Low-Temperature Overheating,99.0
278,Low-Temperature Overheating,97.0
279,Low-Temperature Overheating,75.5
280,Low-Temperature Overheating,85.0
281,Low-Temperature Overheating,56.49999999999999
282,Medium-Temperature Overheating,95.0
283,Medium-Temperature Overheating,93.5
284,Medium-Temperature Overheating,84.0
285,Medium-Temperature Overheating,96.0
286,Medium-Temperature Overheating,80.0
287,Medium-Temperature Overheating,89.5
288,Medium-Temperature Overheating,86.0
289,Medium-Temperature Overheating,90.5
290,Medium-Temperature Overheating,99.0
291,Medium-Temperature Overheating,97.0
292,Medium-Temperature Overheating,94.0
293,Medium-Temperature Overheating,89.0
294,Medium-Temperature Overheating,95.5
295,Medium-Temperature Overheating,97.0
296,Medium-Temperature Overheating,94.5
297,Medium-Temperature Overheating,94.0
298,Medium-Temperature Overheating,92.5
299,Medium-Temperature Overheating,94.5
300,Medium-Temperature Overheating,86.5
301,Medium-Temperature Overheating,92.5
302,Medium-Temperature Overheating,84.5
303,Medium-Temperature Overheating,96.0
304,Medium-Temperature Overheating,90.0
305,Medium-Temperature Overheating,90.0
306,Medium-Temperature Overheating,95.5
307,Medium-Temperature Overheating,98.5
308,Medium-Temperature Overheating,94.5
309,Medium-Temperature Overheating,90.0
310,Medium-Temperature Overheating,83.0
311,Medium-Temperature Overheating,96.0
312,Medium-Temperature Overheating,94.0
313,Medium-Temperature Overheating,87.0
314,Medium-Temperature Overheating,87.5
315,Medium-Temperature Overheating,95.5
316,Medium-Temperature Overheating,92.5
317,Medium-Temperature Overheating,99.0
318,Medium-Temperature Overheating,84.0
319,High-Temperature Overheating,87.5
320,High-Temperature Overheating,84.5
321,High-Temperature Overheating,83.5
322,High-Temperature Overheating,81.5
323,High-Temperature Overheating,77.0
324,High-Temperature Overheating,94.0
325,High-Temperature Overheating,70.5
326,High-Temperature Overheating,95.5
327,High-Temperature Overheating,88.5
328,High-Temperature Overheating,90.5
329,High-Temperature Overheating,94.0
330,High-Temperature Overheating,83.5
331,High-Temperature Overheating,96.0
332,High-Temperature Overheating,97.0
333,High-Temperature Overheating,86.0
334,High-Temperature Overheating,61.5
335,High-Temperature Overheating,82.5
336,High-Temperature Overheating,71.0
337,High-Temperature Overheating,90.5
338,High-Temperature Overheating,97.0
339,High-Temperature Overheating,93.5
340,High-Temperature Overheating,82.5
341,High-Temperature Overheating,88.5
342,High-Temperature Overheating,91.5
343,High-Temperature Overheating,95.5
344,High-Temperature Overheating,85.0
345,High-Temperature Overheating,86.5
346,High-Temperature Overheating,81.5
347,High-Temperature Overheating,83.0
348,High-Temperature Overheating,96.5
349,High-Temperature Overheating,74.0
350,High-Temperature Overheating,87.0
351,High-Temperature Overheating,97.5
352,High-Temperature Overheating,82.0
353,High-Temperature Overheating,88.0
354,High-Temperature Overheating,91.5
355,High-Temperature Overheating,79.0
356,High-Temperature Overheating,91.0
357,High-Temperature Overheating,57.49999999999999
358,High-Temperature Overheating,92.5
359,High-Temperature Overheating,69.0
360,High-Temperature Overheating,67.0
361,High-Temperature Overheating,98.0
362,High-Temperature Overheating,96.0
363,High-Temperature Overheating,94.5
364,High-Temperature Overheating,81.0
365,High-Temperature Overheating,85.5
366,High-Temperature Overheating,98.0
367,High-Temperature Overheating,95.5
368,High-Temperature Overheating,73.0
369,High-Temperature Overheating,95.5
370,High-Temperature Overheating,88.0
371,High-Temperature Overheating,74.0
372,High-Temperature Overheating,90.5
373,High-Temperature Overheating,76.0
374,High-Temperature Overheating,93.0
375,High-Temperature Overheating,98.5
376,High-Temperature Overheating,90.5
377,High-Temperature Overheating,97.5
378,High-Temperature Overheating,98.0
379,High-Temperature Overheating,88.0
380,High-Temperature Overheating,93.0
381,High-Temperature Overheating,79.0
382,High-Temperature Overheating,98.5
383,Partial Discharge,100.0
384,Partial Discharge,54.65000000000002
385,Partial Discharge,74.5
386,Partial Discharge,98.5
387,Partial Discharge,74.0
388,Partial Discharge,100.0
389,Partial Discharge,92.5
390,Partial Discharge,97.0
391,Partial Discharge,83.5
392,Partial Discharge,98.83333333333333
393,Partial Discharge,91.5
394,Partial Discharge,87.5
395,Partial Discharge,95.0
396,Partial Discharge,94.0
397,Partial Discharge,95.0
398,Partial Discharge,91.5
399,Partial Discharge,98.0
400,Partial Discharge,96.0
401,Partial Discharge,83.0
402,Partial Discharge,98.0
403,Partial Discharge,91.5
404,Partial Discharge,92.16666666666666
405,Partial Discharge,92.0
406,Partial Discharge,96.5
407,Partial Discharge,99.16666666666666
408,Partial Discharge,84.0
409,Partial Discharge,79.0
410,Partial Discharge,100.0
411,Partial Discharge,74.0
412,Partial Discharge,78.5
413,Low-Energy Discharge,91.58333333333334
414,Low-Energy Discharge,92.425
415,Low-Energy Discharge,56.24166666666667
416,Low-Energy Discharge,71.5
417,Low-Energy Discharge,91.5
418,Low-Energy Discharge,95.0
419,Low-Energy Discharge,96.0
420,Low-Energy Discharge,61.5
421,Partial Discharge,58.83988095238094
422,Low-Energy Discharge,82.0
423,Low-Energy Discharge,81.16666666666667
424,Low-Energy Discharge,80.75
425,Low-Energy Discharge,94.25000000000001
426,Low-Energy Discharge,68.5
427,Low-Energy Discharge,89.5
428,Low-Energy Discharge,81.0
429,Low-Energy Discharge,97.91666666666666
430,Low-Energy Discharge,91.83333333333333
431,Low-Energy Discharge,86.0
432,Low-Energy Discharge,94.25
433,Low-Energy Discharge,80.5
434,Low-Energy Discharge,84.20833333333333
435,Low-Energy Discharge,95.25
436,Low-Energy Discharge,71.5
437,Low-Energy Discharge,90.5
438,Low-Energy Discharge,83.0
439,Low-Energy Discharge,68.5
440,Low-Energy Discharge,88.0
441,Low-Energy Discharge,95.0
442,Low-Energy Discharge,77.75
443,Low-Energy Discharge,74.0
444,Low-Energy Discharge,94.5
445,Low-Energy Discharge,85.5
446,High-Energy Discharge,92.0
447,High-Energy Discharge,87.0
448,High-Energy Discharge,88.5
449,High-Energy Discharge,93.5
450,High-Energy Discharge,79.375
451,High-Energy Discharge,88.5
452,High-Energy Discharge,83.0
453,High-Energy Discharge,82.5
454,High-Energy Discharge,72.5
455,High-Energy Discharge,59.0
456,High-Energy Discharge,75.27499999999999
457,High-Energy Discharge,68.5
458,High-Energy Discharge,85.75
459,High-Energy Discharge,73.0
460,High-Energy Discharge,83.83333333333334
461,High-Energy Discharge,93.0
462,High-Energy Discharge,91.7
463,High-Energy Discharge,91.0
464,High-Energy Discharge,87.5
465,High-Energy Discharge,87.0
466,High-Energy Discharge,67.5
467,High-Energy Discharge,62.0
468,High-Energy Discharge,84.5
469,High-Energy Discharge,65.0
470,High-Energy Discharge,82.0
471,High-Energy Discharge,88.0
472,High-Energy Discharge,91.5
473,High-Energy Discharge,68.5
474,High-Energy Discharge,78.83333333333334
475,High-Energy Discharge,84.0
476,High-Energy Discharge,56.49999999999999
477,High-Energy Discharge,76.0
478,High-Energy Discharge,88.5
479,High-Energy Discharge,76.5
480,High-Energy Discharge,89.0
481,High-Energy Discharge,69.5
482,High-Energy Discharge,88.0
483,High-Energy Discharge,87.5
484,High-Energy Discharge,95.0
485,High-Energy Discharge,83.5
486,High-Energy Discharge,75.75
487,High-Energy Discharge,81.0
488,Low-Temperature Overheating,94.5
489,Low-Temperature Overheating,100.0
490,Low-Temperature Overheating,87.0
491,Low-Temperature Overheating,97.0
492,Low-Temperature Overheating,93.0
493,Low-Temperature Overheating,54.50000000000001
494,Low-Temperature Overheating,96.0
495,Low-Temperature Overheating,78.5
496,Low-Temperature Overheating,97.5
497,Low-Temperature Overheating,82.0
498,Low-Temperature Overheating,99.5
499,Low-Temperature Overheating,85.5
500,Low-Temperature Overheating,89.5
501,Low-Temperature Overheating,90.0
502,Low-Temperature Overheating,96.0
503,Low-Temperature Overheating,100.0
504,Low-Temperature Overheating,99.5
505,Low-Temperature Overheating,93.5
506,Low-Temperature Overheating,65.5
507,Low-Temperature Overheating,59.0
508,Low-Temperature Overheating,99.0
509,Low-Temperature Overheating,88.0
510,Low-Temperature Overheating,99.5
511,Low-Temperature Overheating,56.99999999999999
512,Low-Temperature Overheating,94.5
513,Low-Temperature Overheating,85.5
514,Low-Temperature Overheating,75.0
515,Low-Temperature Overheating,74.0
516,Low-Temperature Overheating,99.5
517,Low-Temperature Overheating,96.5
518,Low-Temperature Overheating,100.0
519,Low-Temperature Overheating,99.5
520,Low-Temperature Overheating,95.5
521,Low-Temperature Overheating,63.5
522,Low-Temperature Overheating,96.5
523,Low-Temperature Overheating,94.5
524,Low-Temperature Overheating,100.0
525,Medium-Temperature Overheating,98.5
526,Medium-Temperature Overheating,96.5
527,Medium-Temperature Overheating,83.5
528,Medium-Temperature Overheating,99.0
529,Medium-Temperature Overheating,82.0
530,Medium-Temperature Overheating,89.0
531,Medium-Temperature Overheating,96.0
532,Medium-Temperature Overheating,77.5
533,Medium-Temperature Overheating,90.5
534,Medium-Temperature Overheating,87.0
535,Medium-Temperature Overheating,85.5
536,Medium-Temperature Overheating,95.5
537,Medium-Temperature Overheating,93.0
538,Medium-Temperature Overheating,93.0
539,Medium-Temperature Overheating,86.5
540,Medium-Temperature Overheating,85.5
541,Medium-Temperature Overheating,87.5
542,Medium-Temperature Overheating,96.5
543,Medium-Temperature Overheating,94.0
544,Medium-Temperature Overheating,87.5
545,Medium-Temperature Overheating,99.5
546,Medium-Temperature Overheating,95.0
547,Medium-Temperature Overheating,85.0
548,High-Temperature Overheating,97.0
549,High-Temperature Overheating,95.5
550,High-Temperature Overheating,78.5
551,High-Temperature Overheating,98.5
552,High-Temperature Overheating,91.5
553,High-Temperature Overheating,97.5
554,High-Temperature Overheating,88.5
555,High-Temperature Overheating,92.5
556,High-Temperature Overheating,95.0
557,High-Temperature Overheating,87.0
558,High-Temperature Overheating,88.5
559,High-Temperature Overheating,83.0
560,High-Temperature Overheating,87.0
561,High-Temperature Overheating,97.5
562,High-Temperature Overheating,97.5
563,High-Temperature Overheating,88.5
564,High-Temperature Overheating,85.0
565,High-Temperature Overheating,88.5
566,High-Temperature Overheating,94.5
567,High-Temperature Overheating,64.5
568,High-Temperature Overheating,85.5
569,High-Temperature Overheating,96.0
570,High-Temperature Overheating,71.5
571,High-Temperature Overheating,90.5
572,High-Temperature Overheating,94.0
573,High-Temperature Overheating,67.0
574,High-Temperature Overheating,86.5
575,High-Temperature Overheating,92.5
576,High-Temperature Overheating,61.5
577,High-Temperature Overheating,87.0
578,High-Temperature Overheating,66.0
579,High-Temperature Overheating,89.0
580,High-Temperature Overheating,82.0
581,High-Temperature Overheating,88.0
582,High-Temperature Overheating,92.0
583,High-Temperature Overheating,73.5
584,High-Temperature Overheating,87.0
585,High-Temperature Overheating,98.0
586,High-Temperature Overheating,86.5
587,High-Temperature Overheating,84.5
